,id,player,state,terminal,player_piece_amount,piece_difference,furthest_piece,furthest_piece_difference,average_distance,lorentz_horey,lorentz_horey_difference
0,0,-1,"[[[0. 0. 0. 0. 0. 0.]
  [0. 0. 0. 0. 0. 0.]
  [0. 0. 0. 0. 0. 0.]
  [0. 0. 0. 0. 0. 0.]
  [1. 1. 1. 1. 1. 1.]
  [1. 1. 1. 1. 1. 1.]]

 [[1. 1. 1. 1. 1. 1.]
  [1. 1. 1. 1. 1. 1.]
  [0. 0. 0. 0. 0. 0.]
  [0. 0. 0. 0. 0. 0.]
  [0. 0. 0. 0. 0. 0.]
  [0. 0. 0. 0. 0. 0.]]

 [[1. 1. 1. 1. 1. 1.]
  [1. 1. 1. 1. 1. 1.]
  [1. 1. 1. 1. 1. 1.]
  [1. 1. 1. 1. 1. 1.]
  [1. 1. 1. 1. 1. 1.]
  [1. 1. 1. 1. 1. 1.]]]",0,12,0,1,0,0.0,66,0
1,1,1,"[[[0. 0. 0. 0. 0. 0.]
  [0. 0. 0. 0. 0. 0.]
  [0. 0. 0. 0. 0. 0.]
  [0. 0. 1. 0. 0. 0.]
  [1. 1. 1. 0. 1. 1.]
  [1. 1. 1. 1. 1. 1.]]

 [[1. 1. 1. 1. 1. 1.]
  [1. 1. 1. 1. 1. 1.]
  [0. 0. 0. 0. 0. 0.]
  [0. 0. 0. 0. 0. 0.]
  [0. 0. 0. 0. 0. 0.]
  [0. 0. 0. 0. 0. 0.]]

 [[0. 0. 0. 0. 0. 0.]
  [0. 0. 0. 0. 0. 0.]
  [0. 0. 0. 0. 0. 0.]
  [0. 0. 0. 0. 0. 0.]
  [0. 0. 0. 0. 0. 0.]
  [0. 0. 0. 0. 0. 0.]]]",0,12,0,1,-1,0.0,66,-3
2,2,-1,"[[[0. 0. 0. 0. 0. 0.]
  [0. 0. 0. 0. 0. 0.]
  [0. 0. 0. 0. 0. 0.]
  [0. 0. 1. 0. 0. 0.]
  [1. 1. 1. 0. 1. 1.]
  [1. 1. 1. 1. 1. 1.]]

 [[1. 1. 1. 1. 1. 1.]
  [1. 0. 1. 1. 1. 1.]
  [0. 1. 0. 0. 0. 0.]
  [0. 0. 0. 0. 0. 0.]
  [0. 0. 0. 0. 0. 0.]
  [0. 0. 0. 0. 0. 0.]]

 [[1. 1. 1. 1. 1. 1.]
  [1. 1. 1. 1. 1. 1.]
  [1. 1. 1. 1. 1. 1.]
  [1. 1. 1. 1. 1. 1.]
  [1. 1. 1. 1. 1. 1.]
  [1. 1. 1. 1. 1. 1.]]]",0,12,0,2,0,-0.4166666666666667,69,0
3,3,1,"[[[0. 0. 0. 0. 0. 0.]
  [0. 0. 0. 0. 0. 0.]
  [0. 1. 0. 0. 0. 0.]
  [0. 0. 0. 0. 0. 0.]
  [1. 1. 1. 0. 1. 1.]
  [1. 1. 1. 1. 1. 1.]]

 [[1. 1. 1. 1. 1. 1.]
  [1. 0. 1. 1. 1. 1.]
  [0. 0. 0. 0. 0. 0.]
  [0. 0. 0. 0. 0. 0.]
  [0. 0. 0. 0. 0. 0.]
  [0. 0. 0. 0. 0. 0.]]

 [[0. 0. 0. 0. 0. 0.]
  [0. 0. 0. 0. 0. 0.]
  [0. 0. 0. 0. 0. 0.]
  [0. 0. 0. 0. 0. 0.]
  [0. 0. 0. 0. 0. 0.]
  [0. 0. 0. 0. 0. 0.]]]",0,11,-1,1,-2,-0.045454545454545456,63,-10
4,4,-1,"[[[0. 0. 0. 0. 0. 0.]
  [0. 0. 0. 0. 0. 0.]
  [0. 1. 0. 0. 0. 0.]
  [0. 0. 0. 0. 0. 0.]
  [1. 1. 1. 0. 1. 1.]
  [1. 1. 1. 1. 1. 1.]]

 [[1. 1. 1. 1. 1. 1.]
  [1. 0. 0. 1. 1. 1.]
  [0. 0. 1. 0. 0. 0.]
  [0. 0. 0. 0. 0. 0.]
  [0. 0. 0. 0. 0. 0.]
  [0. 0. 0. 0. 0. 0.]]

 [[1. 1. 1. 1. 1. 1.]
  [1. 1. 1. 1. 1. 1.]
  [1. 1. 1. 1. 1. 1.]
  [1. 1. 1. 1. 1. 1.]
  [1. 1. 1. 1. 1. 1.]
  [1. 1. 1. 1. 1. 1.]]]",0,12,1,3,1,-0.8333333333333334,73,7
5,5,1,"[[[0. 0. 0. 0. 0. 0.]
  [0. 0. 0. 0. 0. 0.]
  [0. 1. 0. 0. 0. 0.]
  [0. 0. 0. 1. 0. 0.]
  [1. 1. 1. 0. 0. 1.]
  [1. 1. 1. 1. 1. 1.]]

 [[1. 1. 1. 1. 1. 1.]
  [1. 0. 0. 1. 1. 1.]
  [0. 0. 1. 0. 0. 0.]
  [0. 0. 0. 0. 0. 0.]
  [0. 0. 0. 0. 0. 0.]
  [0. 0. 0. 0. 0. 0.]]

 [[0. 0. 0. 0. 0. 0.]
  [0. 0. 0. 0. 0. 0.]
  [0. 0. 0. 0. 0. 0.]
  [0. 0. 0. 0. 0. 0.]
  [0. 0. 0. 0. 0. 0.]
  [0. 0. 0. 0. 0. 0.]]]",0,11,-1,2,-1,-0.45454545454545453,66,-10
6,6,-1,"[[[0. 0. 0. 0. 0. 0.]
  [0. 0. 0. 0. 0. 0.]
  [0. 1. 0. 0. 0. 0.]
  [0. 0. 0. 0. 0. 0.]
  [1. 1. 1. 0. 0. 1.]
  [1. 1. 1. 1. 1. 1.]]

 [[1. 1. 1. 1. 1. 1.]
  [1. 0. 0. 1. 1. 1.]
  [0. 0. 0. 0. 0. 0.]
  [0. 0. 0. 1. 0. 0.]
  [0. 0. 0. 0. 0. 0.]
  [0. 0. 0. 0. 0. 0.]]

 [[1. 1. 1. 1. 1. 1.]
  [1. 1. 1. 1. 1. 1.]
  [1. 1. 1. 1. 1. 1.]
  [1. 1. 1. 1. 1. 1.]
  [1. 1. 1. 1. 1. 1.]
  [1. 1. 1. 1. 1. 1.]]]",0,11,0,3,0,-0.8636363636363636,70,0
7,7,1,"[[[0. 0. 0. 0. 0. 0.]
  [0. 0. 0. 0. 0. 0.]
  [0. 1. 0. 0. 0. 0.]
  [0. 0. 0. 0. 1. 0.]
  [1. 1. 1. 0. 0. 0.]
  [1. 1. 1. 1. 1. 1.]]

 [[1. 1. 1. 1. 1. 1.]
  [1. 0. 0. 1. 1. 1.]
  [0. 0. 0. 0. 0. 0.]
  [0. 0. 0. 1. 0. 0.]
  [0. 0. 0. 0. 0. 0.]
  [0. 0. 0. 0. 0. 0.]]

 [[0. 0. 0. 0. 0. 0.]
  [0. 0. 0. 0. 0. 0.]
  [0. 0. 0. 0. 0. 0.]
  [0. 0. 0. 0. 0. 0.]
  [0. 0. 0. 0. 0. 0.]
  [0. 0. 0. 0. 0. 0.]]]",0,11,0,3,0,-0.8636363636363636,70,-4
8,8,-1,"[[[0. 0. 0. 0. 0. 0.]
  [0. 0. 0. 0. 0. 0.]
  [0. 1. 0. 0. 0. 0.]
  [0. 0. 0. 0. 1. 0.]
  [1. 1. 1. 0. 0. 0.]
  [1. 1. 1. 1. 1. 1.]]

 [[1. 1. 1. 1. 1. 1.]
  [1. 0. 0. 1. 0. 1.]
  [0. 0. 0. 0. 0. 1.]
  [0. 0. 0. 1. 0. 0.]
  [0. 0. 0. 0. 0. 0.]
  [0. 0. 0. 0. 0. 0.]]

 [[1. 1. 1. 1. 1. 1.]
  [1. 1. 1. 1. 1. 1.]
  [1. 1. 1. 1. 1. 1.]
  [1. 1. 1. 1. 1. 1.]
  [1. 1. 1. 1. 1. 1.]
  [1. 1. 1. 1. 1. 1.]]]",0,11,0,3,0,-0.7727272727272727,74,3
9,9,1,"[[[0. 0. 0. 0. 0. 0.]
  [0. 0. 0. 0. 0. 0.]
  [0. 1. 0. 0. 0. 0.]
  [0. 0. 0. 0. 1. 0.]
  [1. 1. 1. 0. 0. 1.]
  [1. 1. 1. 1. 0. 1.]]

 [[1. 1. 1. 1. 1. 1.]
  [1. 0. 0. 1. 0. 1.]
  [0. 0. 0. 0. 0. 1.]
  [0. 0. 0. 1. 0. 0.]
  [0. 0. 0. 0. 0. 0.]
  [0. 0. 0. 0. 0. 0.]]

 [[0. 0. 0. 0. 0. 0.]
  [0. 0. 0. 0. 0. 0.]
  [0. 0. 0. 0. 0. 0.]
  [0. 0. 0. 0. 0. 0.]
  [0. 0. 0. 0. 0. 0.]
  [0. 0. 0. 0. 0. 0.]]]",0,11,0,3,0,-0.7727272727272727,71,10
10,10,-1,"[[[0. 0. 0. 0. 0. 0.]
  [0. 0. 0. 0. 0. 0.]
  [0. 1. 0. 0. 0. 0.]
  [0. 0. 0. 0. 1. 0.]
  [1. 1. 1. 0. 0. 1.]
  [1. 1. 1. 1. 0. 1.]]

 [[1. 1. 1. 1. 1. 1.]
  [1. 0. 0. 0. 0. 1.]
  [0. 0. 0. 0. 1. 1.]
  [0. 0. 0. 1. 0. 0.]
  [0. 0. 0. 0. 0. 0.]
  [0. 0. 0. 0. 0. 0.]]

 [[1. 1. 1. 1. 1. 1.]
  [1. 1. 1. 1. 1. 1.]
  [1. 1. 1. 1. 1. 1.]
  [1. 1. 1. 1. 1. 1.]
  [1. 1. 1. 1. 1. 1.]
  [1. 1. 1. 1. 1. 1.]]]",0,11,0,3,0,-0.6818181818181818,61,-13
11,11,1,"[[[0. 0. 0. 0. 0. 0.]
  [0. 0. 0. 0. 0. 0.]
  [0. 1. 0. 0. 0. 0.]
  [0. 1. 0. 0. 1. 0.]
  [0. 1. 1. 0. 0. 1.]
  [1. 1. 1. 1. 0. 1.]]

 [[1. 1. 1. 1. 1. 1.]
  [1. 0. 0. 0. 0. 1.]
  [0. 0. 0. 0. 1. 1.]
  [0. 0. 0. 1. 0. 0.]
  [0. 0. 0. 0. 0. 0.]
  [0. 0. 0. 0. 0. 0.]]

 [[0. 0. 0. 0. 0. 0.]
  [0. 0. 0. 0. 0. 0.]
  [0. 0. 0. 0. 0. 0.]
  [0. 0. 0. 0. 0. 0.]
  [0. 0. 0. 0. 0. 0.]
  [0. 0. 0. 0. 0. 0.]]]",0,11,0,3,0,-0.6818181818181818,74,9
12,12,-1,"[[[0. 0. 0. 0. 0. 0.]
  [0. 0. 0. 0. 0. 0.]
  [0. 1. 0. 0. 0. 0.]
  [0. 1. 0. 0. 1. 0.]
  [0. 1. 0. 0. 0. 1.]
  [1. 1. 1. 1. 0. 1.]]

 [[1. 1. 1. 1. 1. 1.]
  [1. 0. 0. 0. 0. 1.]
  [0. 0. 0. 0. 1. 1.]
  [0. 0. 0. 0. 0. 0.]
  [0. 0. 1. 0. 0. 0.]
  [0. 0. 0. 0. 0. 0.]]

 [[1. 1. 1. 1. 1. 1.]
  [1. 1. 1. 1. 1. 1.]
  [1. 1. 1. 1. 1. 1.]
  [1. 1. 1. 1. 1. 1.]
  [1. 1. 1. 1. 1. 1.]
  [1. 1. 1. 1. 1. 1.]]]",0,10,-1,3,-1,-0.6,62,-12
13,13,1,"[[[0. 0. 0. 0. 0. 0.]
  [0. 0. 0. 0. 0. 0.]
  [0. 1. 0. 0. 0. 0.]
  [0. 1. 0. 0. 1. 0.]
  [0. 1. 0. 1. 0. 1.]
  [1. 1. 1. 0. 0. 1.]]

 [[1. 1. 1. 1. 1. 1.]
  [1. 0. 0. 0. 0. 1.]
  [0. 0. 0. 0. 1. 1.]
  [0. 0. 0. 0. 0. 0.]
  [0. 0. 1. 0. 0. 0.]
  [0. 0. 0. 0. 0. 0.]]

 [[0. 0. 0. 0. 0. 0.]
  [0. 0. 0. 0. 0. 0.]
  [0. 0. 0. 0. 0. 0.]
  [0. 0. 0. 0. 0. 0.]
  [0. 0. 0. 0. 0. 0.]
  [0. 0. 0. 0. 0. 0.]]]",0,11,1,4,1,-1.0909090909090908,74,14
14,14,-1,"[[[0. 0. 0. 0. 0. 0.]
  [0. 0. 0. 0. 0. 0.]
  [0. 1. 0. 0. 0. 0.]
  [0. 1. 0. 0. 1. 0.]
  [0. 1. 0. 1. 0. 1.]
  [1. 0. 1. 0. 0. 1.]]

 [[1. 1. 1. 1. 1. 1.]
  [1. 0. 0. 0. 0. 1.]
  [0. 0. 0. 0. 1. 1.]
  [0. 0. 0. 0. 0. 0.]
  [0. 0. 0. 0. 0. 0.]
  [0. 1. 0. 0. 0. 0.]]

 [[1. 1. 1. 1. 1. 1.]
  [1. 1. 1. 1. 1. 1.]
  [1. 1. 1. 1. 1. 1.]
  [1. 1. 1. 1. 1. 1.]
  [1. 1. 1. 1. 1. 1.]
  [1. 1. 1. 1. 1. 1.]]]",1,9,-2,0,-2,-0.3888888888888889,45,-34
15,15,1,"[[[0. 0. 0. 0. 0. 0.]
  [0. 0. 0. 0. 0. 0.]
  [0. 0. 0. 0. 0. 0.]
  [0. 1. 0. 0. 0. 0.]
  [1. 0. 1. 1. 1. 1.]
  [1. 1. 1. 1. 1. 1.]]

 [[1. 1. 1. 1. 1. 1.]
  [1. 1. 1. 1. 1. 1.]
  [0. 0. 0. 0. 0. 0.]
  [0. 0. 0. 0. 0. 0.]
  [0. 0. 0. 0. 0. 0.]
  [0. 0. 0. 0. 0. 0.]]

 [[0. 0. 0. 0. 0. 0.]
  [0. 0. 0. 0. 0. 0.]
  [0. 0. 0. 0. 0. 0.]
  [0. 0. 0. 0. 0. 0.]
  [0. 0. 0. 0. 0. 0.]
  [0. 0. 0. 0. 0. 0.]]]",0,12,0,1,-1,0.0,66,-3
16,16,-1,"[[[0. 0. 0. 0. 0. 0.]
  [0. 0. 0. 0. 0. 0.]
  [0. 0. 0. 0. 0. 0.]
  [0. 1. 0. 0. 0. 0.]
  [1. 0. 1. 1. 1. 1.]
  [1. 1. 1. 1. 1. 1.]]

 [[1. 1. 1. 1. 1. 1.]
  [0. 1. 1. 1. 1. 1.]
  [1. 0. 0. 0. 0. 0.]
  [0. 0. 0. 0. 0. 0.]
  [0. 0. 0. 0. 0. 0.]
  [0. 0. 0. 0. 0. 0.]]

 [[1. 1. 1. 1. 1. 1.]
  [1. 1. 1. 1. 1. 1.]
  [1. 1. 1. 1. 1. 1.]
  [1. 1. 1. 1. 1. 1.]
  [1. 1. 1. 1. 1. 1.]
  [1. 1. 1. 1. 1. 1.]]]",0,12,0,2,0,-0.4166666666666667,69,1
17,17,1,"[[[0. 0. 0. 0. 0. 0.]
  [0. 0. 0. 0. 0. 0.]
  [0. 0. 0. 0. 0. 0.]
  [1. 1. 0. 0. 0. 0.]
  [0. 0. 1. 1. 1. 1.]
  [1. 1. 1. 1. 1. 1.]]

 [[1. 1. 1. 1. 1. 1.]
  [0. 1. 1. 1. 1. 1.]
  [1. 0. 0. 0. 0. 0.]
  [0. 0. 0. 0. 0. 0.]
  [0. 0. 0. 0. 0. 0.]
  [0. 0. 0. 0. 0. 0.]]

 [[0. 0. 0. 0. 0. 0.]
  [0. 0. 0. 0. 0. 0.]
  [0. 0. 0. 0. 0. 0.]
  [0. 0. 0. 0. 0. 0.]
  [0. 0. 0. 0. 0. 0.]
  [0. 0. 0. 0. 0. 0.]]]",0,12,0,2,0,-0.4166666666666667,68,-3
18,18,-1,"[[[0. 0. 0. 0. 0. 0.]
  [0. 0. 0. 0. 0. 0.]
  [0. 0. 0. 0. 0. 0.]
  [1. 1. 0. 0. 0. 0.]
  [0. 0. 1. 1. 1. 1.]
  [1. 1. 1. 1. 1. 1.]]

 [[1. 1. 1. 1. 1. 1.]
  [0. 1. 0. 1. 1. 1.]
  [1. 0. 0. 1. 0. 0.]
  [0. 0. 0. 0. 0. 0.]
  [0. 0. 0. 0. 0. 0.]
  [0. 0. 0. 0. 0. 0.]]

 [[1. 1. 1. 1. 1. 1.]
  [1. 1. 1. 1. 1. 1.]
  [1. 1. 1. 1. 1. 1.]
  [1. 1. 1. 1. 1. 1.]
  [1. 1. 1. 1. 1. 1.]
  [1. 1. 1. 1. 1. 1.]]]",0,12,0,2,0,-0.3333333333333333,71,0
19,19,1,"[[[0. 0. 0. 0. 0. 0.]
  [0. 0. 0. 0. 0. 0.]
  [0. 0. 0. 0. 0. 0.]
  [1. 1. 0. 0. 0. 0.]
  [0. 1. 1. 1. 1. 1.]
  [0. 1. 1. 1. 1. 1.]]

 [[1. 1. 1. 1. 1. 1.]
  [0. 1. 0. 1. 1. 1.]
  [1. 0. 0. 1. 0. 0.]
  [0. 0. 0. 0. 0. 0.]
  [0. 0. 0. 0. 0. 0.]
  [0. 0. 0. 0. 0. 0.]]

 [[0. 0. 0. 0. 0. 0.]
  [0. 0. 0. 0. 0. 0.]
  [0. 0. 0. 0. 0. 0.]
  [0. 0. 0. 0. 0. 0.]
  [0. 0. 0. 0. 0. 0.]
  [0. 0. 0. 0. 0. 0.]]]",0,12,0,2,0,-0.3333333333333333,71,2
20,20,-1,"[[[0. 0. 0. 0. 0. 0.]
  [0. 0. 0. 0. 0. 0.]
  [0. 0. 0. 0. 0. 0.]
  [1. 0. 0. 0. 0. 0.]
  [0. 1. 1. 1. 1. 1.]
  [0. 1. 1. 1. 1. 1.]]

 [[1. 1. 1. 1. 1. 1.]
  [0. 1. 0. 1. 1. 1.]
  [0. 0. 0. 1. 0. 0.]
  [0. 1. 0. 0. 0. 0.]
  [0. 0. 0. 0. 0. 0.]
  [0. 0. 0. 0. 0. 0.]]

 [[1. 1. 1. 1. 1. 1.]
  [1. 1. 1. 1. 1. 1.]
  [1. 1. 1. 1. 1. 1.]
  [1. 1. 1. 1. 1. 1.]
  [1. 1. 1. 1. 1. 1.]
  [1. 1. 1. 1. 1. 1.]]]",0,11,-1,2,-1,-0.36363636363636365,63,-14
21,21,1,"[[[0. 0. 0. 0. 0. 0.]
  [0. 0. 0. 0. 0. 0.]
  [0. 0. 0. 0. 0. 0.]
  [1. 0. 0. 1. 0. 0.]
  [0. 1. 1. 1. 0. 1.]
  [0. 1. 1. 1. 1. 1.]]

 [[1. 1. 1. 1. 1. 1.]
  [0. 1. 0. 1. 1. 1.]
  [0. 0. 0. 1. 0. 0.]
  [0. 1. 0. 0. 0. 0.]
  [0. 0. 0. 0. 0. 0.]
  [0. 0. 0. 0. 0. 0.]]

 [[0. 0. 0. 0. 0. 0.]
  [0. 0. 0. 0. 0. 0.]
  [0. 0. 0. 0. 0. 0.]
  [0. 0. 0. 0. 0. 0.]
  [0. 0. 0. 0. 0. 0.]
  [0. 0. 0. 0. 0. 0.]]]",0,12,1,3,1,-0.75,77,11
22,22,-1,"[[[0. 0. 0. 0. 0. 0.]
  [0. 0. 0. 0. 0. 0.]
  [0. 0. 0. 0. 0. 0.]
  [1. 0. 0. 1. 0. 0.]
  [0. 1. 1. 1. 0. 1.]
  [0. 1. 1. 1. 1. 1.]]

 [[0. 1. 1. 1. 1. 1.]
  [1. 1. 0. 1. 1. 1.]
  [0. 0. 0. 1. 0. 0.]
  [0. 1. 0. 0. 0. 0.]
  [0. 0. 0. 0. 0. 0.]
  [0. 0. 0. 0. 0. 0.]]

 [[1. 1. 1. 1. 1. 1.]
  [1. 1. 1. 1. 1. 1.]
  [1. 1. 1. 1. 1. 1.]
  [1. 1. 1. 1. 1. 1.]
  [1. 1. 1. 1. 1. 1.]
  [1. 1. 1. 1. 1. 1.]]]",0,11,-1,2,-1,-0.2727272727272727,66,-8
23,23,1,"[[[0. 0. 0. 0. 0. 0.]
  [0. 0. 0. 0. 0. 0.]
  [0. 0. 0. 0. 0. 0.]
  [1. 0. 1. 1. 0. 0.]
  [0. 0. 1. 1. 0. 1.]
  [0. 1. 1. 1. 1. 1.]]

 [[0. 1. 1. 1. 1. 1.]
  [1. 1. 0. 1. 1. 1.]
  [0. 0. 0. 1. 0. 0.]
  [0. 1. 0. 0. 0. 0.]
  [0. 0. 0. 0. 0. 0.]
  [0. 0. 0. 0. 0. 0.]]

 [[0. 0. 0. 0. 0. 0.]
  [0. 0. 0. 0. 0. 0.]
  [0. 0. 0. 0. 0. 0.]
  [0. 0. 0. 0. 0. 0.]
  [0. 0. 0. 0. 0. 0.]
  [0. 0. 0. 0. 0. 0.]]]",0,12,1,3,1,-0.6666666666666666,74,5
24,24,-1,"[[[0. 0. 0. 0. 0. 0.]
  [0. 0. 0. 0. 0. 0.]
  [0. 0. 0. 0. 0. 0.]
  [1. 0. 1. 1. 0. 0.]
  [0. 0. 1. 1. 0. 1.]
  [0. 1. 1. 1. 1. 1.]]

 [[0. 1. 1. 1. 1. 1.]
  [0. 1. 0. 1. 1. 1.]
  [1. 0. 0. 1. 0. 0.]
  [0. 1. 0. 0. 0. 0.]
  [0. 0. 0. 0. 0. 0.]
  [0. 0. 0. 0. 0. 0.]]

 [[1. 1. 1. 1. 1. 1.]
  [1. 1. 1. 1. 1. 1.]
  [1. 1. 1. 1. 1. 1.]
  [1. 1. 1. 1. 1. 1.]
  [1. 1. 1. 1. 1. 1.]
  [1. 1. 1. 1. 1. 1.]]]",0,11,-1,2,-1,-0.18181818181818182,69,-7
25,25,1,"[[[0. 0. 0. 0. 0. 0.]
  [0. 0. 0. 0. 0. 0.]
  [0. 0. 0. 0. 0. 0.]
  [1. 0. 1. 1. 0. 0.]
  [0. 0. 1. 1. 1. 1.]
  [0. 1. 1. 1. 0. 1.]]

 [[0. 1. 1. 1. 1. 1.]
  [0. 1. 0. 1. 1. 1.]
  [1. 0. 0. 1. 0. 0.]
  [0. 1. 0. 0. 0. 0.]
  [0. 0. 0. 0. 0. 0.]
  [0. 0. 0. 0. 0. 0.]]

 [[0. 0. 0. 0. 0. 0.]
  [0. 0. 0. 0. 0. 0.]
  [0. 0. 0. 0. 0. 0.]
  [0. 0. 0. 0. 0. 0.]
  [0. 0. 0. 0. 0. 0.]
  [0. 0. 0. 0. 0. 0.]]]",0,12,1,3,1,-0.5833333333333334,76,19
26,26,-1,"[[[0. 0. 0. 0. 0. 0.]
  [0. 0. 0. 0. 0. 0.]
  [0. 0. 0. 0. 0. 0.]
  [1. 0. 1. 1. 0. 0.]
  [0. 0. 1. 1. 1. 1.]
  [0. 1. 1. 1. 0. 1.]]

 [[0. 1. 1. 1. 1. 1.]
  [0. 1. 0. 0. 1. 1.]
  [1. 0. 0. 1. 1. 0.]
  [0. 1. 0. 0. 0. 0.]
  [0. 0. 0. 0. 0. 0.]
  [0. 0. 0. 0. 0. 0.]]

 [[1. 1. 1. 1. 1. 1.]
  [1. 1. 1. 1. 1. 1.]
  [1. 1. 1. 1. 1. 1.]
  [1. 1. 1. 1. 1. 1.]
  [1. 1. 1. 1. 1. 1.]
  [1. 1. 1. 1. 1. 1.]]]",0,11,-1,2,-1,-0.09090909090909091,57,-22
27,27,1,"[[[0. 0. 0. 0. 0. 0.]
  [0. 0. 0. 0. 0. 0.]
  [0. 0. 0. 0. 0. 0.]
  [1. 0. 1. 1. 0. 0.]
  [1. 0. 1. 1. 1. 1.]
  [0. 0. 1. 1. 0. 1.]]

 [[0. 1. 1. 1. 1. 1.]
  [0. 1. 0. 0. 1. 1.]
  [1. 0. 0. 1. 1. 0.]
  [0. 1. 0. 0. 0. 0.]
  [0. 0. 0. 0. 0. 0.]
  [0. 0. 0. 0. 0. 0.]]

 [[0. 0. 0. 0. 0. 0.]
  [0. 0. 0. 0. 0. 0.]
  [0. 0. 0. 0. 0. 0.]
  [0. 0. 0. 0. 0. 0.]
  [0. 0. 0. 0. 0. 0.]
  [0. 0. 0. 0. 0. 0.]]]",0,12,1,3,1,-0.5,79,35
28,28,-1,"[[[0. 0. 0. 0. 0. 0.]
  [0. 0. 0. 0. 0. 0.]
  [0. 0. 0. 0. 0. 0.]
  [1. 0. 1. 1. 0. 0.]
  [0. 0. 1. 1. 1. 1.]
  [0. 0. 1. 1. 0. 1.]]

 [[0. 1. 1. 1. 1. 1.]
  [0. 1. 0. 0. 1. 1.]
  [1. 0. 0. 1. 1. 0.]
  [0. 0. 0. 0. 0. 0.]
  [1. 0. 0. 0. 0. 0.]
  [0. 0. 0. 0. 0. 0.]]

 [[1. 1. 1. 1. 1. 1.]
  [1. 1. 1. 1. 1. 1.]
  [1. 1. 1. 1. 1. 1.]
  [1. 1. 1. 1. 1. 1.]
  [1. 1. 1. 1. 1. 1.]
  [1. 1. 1. 1. 1. 1.]]]",0,10,-2,2,-2,0.0,42,-34
29,29,1,"[[[0. 0. 0. 0. 0. 0.]
  [0. 0. 0. 0. 0. 0.]
  [0. 0. 0. 0. 0. 0.]
  [1. 1. 1. 1. 0. 0.]
  [0. 0. 0. 1. 1. 1.]
  [0. 0. 1. 1. 0. 1.]]

 [[0. 1. 1. 1. 1. 1.]
  [0. 1. 0. 0. 1. 1.]
  [1. 0. 0. 1. 1. 0.]
  [0. 0. 0. 0. 0. 0.]
  [1. 0. 0. 0. 0. 0.]
  [0. 0. 0. 0. 0. 0.]]

 [[0. 0. 0. 0. 0. 0.]
  [0. 0. 0. 0. 0. 0.]
  [0. 0. 0. 0. 0. 0.]
  [0. 0. 0. 0. 0. 0.]
  [0. 0. 0. 0. 0. 0.]
  [0. 0. 0. 0. 0. 0.]]]",0,12,2,4,2,-0.9166666666666666,76,31
30,30,-1,"[[[0. 0. 0. 0. 0. 0.]
  [0. 0. 0. 0. 0. 0.]
  [0. 0. 0. 0. 0. 0.]
  [1. 1. 1. 1. 0. 0.]
  [0. 0. 0. 1. 1. 1.]
  [0. 0. 1. 1. 0. 1.]]

 [[0. 1. 1. 1. 1. 1.]
  [0. 1. 0. 0. 1. 1.]
  [1. 0. 0. 1. 1. 0.]
  [0. 0. 0. 0. 0. 0.]
  [0. 0. 0. 0. 0. 0.]
  [1. 0. 0. 0. 0. 0.]]

 [[1. 1. 1. 1. 1. 1.]
  [1. 1. 1. 1. 1. 1.]
  [1. 1. 1. 1. 1. 1.]
  [1. 1. 1. 1. 1. 1.]
  [1. 1. 1. 1. 1. 1.]
  [1. 1. 1. 1. 1. 1.]]]",1,10,-2,0,-3,0.1,45,-39
31,31,-1,"[[[0. 0. 0. 0. 0. 0.]
  [0. 0. 0. 0. 0. 0.]
  [0. 0. 0. 0. 0. 0.]
  [0. 0. 1. 0. 0. 0.]
  [1. 1. 1. 0. 1. 1.]
  [1. 1. 1. 1. 1. 1.]]

 [[1. 1. 1. 1. 1. 1.]
  [1. 1. 1. 1. 1. 0.]
  [0. 0. 0. 0. 0. 1.]
  [0. 0. 0. 0. 0. 0.]
  [0. 0. 0. 0. 0. 0.]
  [0. 0. 0. 0. 0. 0.]]

 [[1. 1. 1. 1. 1. 1.]
  [1. 1. 1. 1. 1. 1.]
  [1. 1. 1. 1. 1. 1.]
  [1. 1. 1. 1. 1. 1.]
  [1. 1. 1. 1. 1. 1.]
  [1. 1. 1. 1. 1. 1.]]]",0,12,0,2,0,-0.4166666666666667,69,1
32,32,1,"[[[0. 0. 0. 0. 0. 0.]
  [0. 0. 0. 0. 0. 0.]
  [0. 0. 0. 0. 0. 0.]
  [0. 0. 1. 0. 1. 0.]
  [1. 1. 1. 0. 1. 0.]
  [1. 1. 1. 1. 1. 1.]]

 [[1. 1. 1. 1. 1. 1.]
  [1. 1. 1. 1. 1. 0.]
  [0. 0. 0. 0. 0. 1.]
  [0. 0. 0. 0. 0. 0.]
  [0. 0. 0. 0. 0. 0.]
  [0. 0. 0. 0. 0. 0.]]

 [[0. 0. 0. 0. 0. 0.]
  [0. 0. 0. 0. 0. 0.]
  [0. 0. 0. 0. 0. 0.]
  [0. 0. 0. 0. 0. 0.]
  [0. 0. 0. 0. 0. 0.]
  [0. 0. 0. 0. 0. 0.]]]",0,12,0,2,0,-0.4166666666666667,68,-5
33,33,-1,"[[[0. 0. 0. 0. 0. 0.]
  [0. 0. 0. 0. 0. 0.]
  [0. 0. 0. 0. 0. 0.]
  [0. 0. 1. 0. 1. 0.]
  [1. 1. 1. 0. 1. 0.]
  [1. 1. 1. 1. 1. 1.]]

 [[1. 1. 1. 1. 1. 1.]
  [1. 1. 1. 1. 0. 0.]
  [0. 0. 0. 0. 1. 1.]
  [0. 0. 0. 0. 0. 0.]
  [0. 0. 0. 0. 0. 0.]
  [0. 0. 0. 0. 0. 0.]]

 [[1. 1. 1. 1. 1. 1.]
  [1. 1. 1. 1. 1. 1.]
  [1. 1. 1. 1. 1. 1.]
  [1. 1. 1. 1. 1. 1.]
  [1. 1. 1. 1. 1. 1.]
  [1. 1. 1. 1. 1. 1.]]]",0,12,0,2,0,-0.3333333333333333,73,2
34,34,1,"[[[0. 0. 0. 0. 0. 0.]
  [0. 0. 0. 0. 0. 0.]
  [0. 0. 0. 0. 0. 1.]
  [0. 0. 1. 0. 0. 0.]
  [1. 1. 1. 0. 1. 0.]
  [1. 1. 1. 1. 1. 1.]]

 [[1. 1. 1. 1. 1. 1.]
  [1. 1. 1. 1. 0. 0.]
  [0. 0. 0. 0. 1. 0.]
  [0. 0. 0. 0. 0. 0.]
  [0. 0. 0. 0. 0. 0.]
  [0. 0. 0. 0. 0. 0.]]

 [[0. 0. 0. 0. 0. 0.]
  [0. 0. 0. 0. 0. 0.]
  [0. 0. 0. 0. 0. 0.]
  [0. 0. 0. 0. 0. 0.]
  [0. 0. 0. 0. 0. 0.]
  [0. 0. 0. 0. 0. 0.]]]",0,11,-1,2,-1,-0.45454545454545453,67,-7
35,35,-1,"[[[0. 0. 0. 0. 0. 0.]
  [0. 0. 0. 0. 0. 0.]
  [0. 0. 0. 0. 0. 1.]
  [0. 0. 1. 0. 0. 0.]
  [1. 1. 1. 0. 1. 0.]
  [1. 1. 1. 1. 1. 1.]]

 [[1. 1. 1. 1. 1. 1.]
  [0. 1. 1. 1. 0. 0.]
  [1. 0. 0. 0. 1. 0.]
  [0. 0. 0. 0. 0. 0.]
  [0. 0. 0. 0. 0. 0.]
  [0. 0. 0. 0. 0. 0.]]

 [[1. 1. 1. 1. 1. 1.]
  [1. 1. 1. 1. 1. 1.]
  [1. 1. 1. 1. 1. 1.]
  [1. 1. 1. 1. 1. 1.]
  [1. 1. 1. 1. 1. 1.]
  [1. 1. 1. 1. 1. 1.]]]",0,12,1,3,1,-0.75,74,5
36,36,1,"[[[0. 0. 0. 0. 0. 0.]
  [0. 0. 0. 0. 0. 0.]
  [0. 0. 0. 0. 0. 1.]
  [1. 0. 1. 0. 0. 0.]
  [0. 1. 1. 0. 1. 0.]
  [1. 1. 1. 1. 1. 1.]]

 [[1. 1. 1. 1. 1. 1.]
  [0. 1. 1. 1. 0. 0.]
  [1. 0. 0. 0. 1. 0.]
  [0. 0. 0. 0. 0. 0.]
  [0. 0. 0. 0. 0. 0.]
  [0. 0. 0. 0. 0. 0.]]

 [[0. 0. 0. 0. 0. 0.]
  [0. 0. 0. 0. 0. 0.]
  [0. 0. 0. 0. 0. 0.]
  [0. 0. 0. 0. 0. 0.]
  [0. 0. 0. 0. 0. 0.]
  [0. 0. 0. 0. 0. 0.]]]",0,11,-1,2,-1,-0.36363636363636365,69,-7
37,37,-1,"[[[0. 0. 0. 0. 0. 0.]
  [0. 0. 0. 0. 0. 0.]
  [0. 0. 0. 0. 0. 1.]
  [1. 0. 1. 0. 0. 0.]
  [0. 1. 1. 0. 1. 0.]
  [1. 1. 1. 1. 1. 1.]]

 [[1. 1. 1. 1. 1. 1.]
  [0. 1. 0. 1. 0. 0.]
  [1. 0. 1. 0. 1. 0.]
  [0. 0. 0. 0. 0. 0.]
  [0. 0. 0. 0. 0. 0.]
  [0. 0. 0. 0. 0. 0.]]

 [[1. 1. 1. 1. 1. 1.]
  [1. 1. 1. 1. 1. 1.]
  [1. 1. 1. 1. 1. 1.]
  [1. 1. 1. 1. 1. 1.]
  [1. 1. 1. 1. 1. 1.]
  [1. 1. 1. 1. 1. 1.]]]",0,12,1,3,1,-0.6666666666666666,76,4
38,38,1,"[[[0. 0. 0. 0. 0. 0.]
  [0. 0. 0. 0. 0. 0.]
  [0. 1. 0. 0. 0. 1.]
  [1. 0. 0. 0. 0. 0.]
  [0. 1. 1. 0. 1. 0.]
  [1. 1. 1. 1. 1. 1.]]

 [[1. 1. 1. 1. 1. 1.]
  [0. 1. 0. 1. 0. 0.]
  [1. 0. 1. 0. 1. 0.]
  [0. 0. 0. 0. 0. 0.]
  [0. 0. 0. 0. 0. 0.]
  [0. 0. 0. 0. 0. 0.]]

 [[0. 0. 0. 0. 0. 0.]
  [0. 0. 0. 0. 0. 0.]
  [0. 0. 0. 0. 0. 0.]
  [0. 0. 0. 0. 0. 0.]
  [0. 0. 0. 0. 0. 0.]
  [0. 0. 0. 0. 0. 0.]]]",0,11,-1,2,-1,-0.2727272727272727,72,-8
39,39,-1,"[[[0. 0. 0. 0. 0. 0.]
  [0. 0. 0. 0. 0. 0.]
  [0. 1. 0. 0. 0. 1.]
  [1. 0. 0. 0. 0. 0.]
  [0. 1. 1. 0. 1. 0.]
  [1. 1. 1. 1. 1. 1.]]

 [[1. 1. 0. 1. 1. 1.]
  [0. 1. 1. 1. 0. 0.]
  [1. 0. 1. 0. 1. 0.]
  [0. 0. 0. 0. 0. 0.]
  [0. 0. 0. 0. 0. 0.]
  [0. 0. 0. 0. 0. 0.]]

 [[1. 1. 1. 1. 1. 1.]
  [1. 1. 1. 1. 1. 1.]
  [1. 1. 1. 1. 1. 1.]
  [1. 1. 1. 1. 1. 1.]
  [1. 1. 1. 1. 1. 1.]
  [1. 1. 1. 1. 1. 1.]]]",0,12,1,3,1,-0.5833333333333334,80,10
40,40,1,"[[[0. 0. 0. 0. 0. 0.]
  [0. 0. 0. 0. 0. 0.]
  [0. 1. 0. 0. 0. 1.]
  [1. 0. 0. 1. 0. 0.]
  [0. 1. 1. 0. 0. 0.]
  [1. 1. 1. 1. 1. 1.]]

 [[1. 1. 0. 1. 1. 1.]
  [0. 1. 1. 1. 0. 0.]
  [1. 0. 1. 0. 1. 0.]
  [0. 0. 0. 0. 0. 0.]
  [0. 0. 0. 0. 0. 0.]
  [0. 0. 0. 0. 0. 0.]]

 [[0. 0. 0. 0. 0. 0.]
  [0. 0. 0. 0. 0. 0.]
  [0. 0. 0. 0. 0. 0.]
  [0. 0. 0. 0. 0. 0.]
  [0. 0. 0. 0. 0. 0.]
  [0. 0. 0. 0. 0. 0.]]]",0,11,-1,2,-1,-0.18181818181818182,70,-13
41,41,-1,"[[[0. 0. 0. 0. 0. 0.]
  [0. 0. 0. 0. 0. 0.]
  [0. 1. 0. 0. 0. 1.]
  [1. 0. 0. 1. 0. 0.]
  [0. 1. 1. 0. 0. 0.]
  [1. 1. 1. 1. 1. 1.]]

 [[1. 1. 0. 1. 1. 0.]
  [0. 1. 1. 1. 0. 1.]
  [1. 0. 1. 0. 1. 0.]
  [0. 0. 0. 0. 0. 0.]
  [0. 0. 0. 0. 0. 0.]
  [0. 0. 0. 0. 0. 0.]]

 [[1. 1. 1. 1. 1. 1.]
  [1. 1. 1. 1. 1. 1.]
  [1. 1. 1. 1. 1. 1.]
  [1. 1. 1. 1. 1. 1.]
  [1. 1. 1. 1. 1. 1.]
  [1. 1. 1. 1. 1. 1.]]]",0,12,1,3,1,-0.5,83,16
42,42,1,"[[[0. 0. 0. 0. 0. 0.]
  [0. 0. 0. 0. 0. 0.]
  [0. 1. 0. 0. 0. 1.]
  [1. 0. 0. 1. 0. 0.]
  [0. 1. 1. 1. 0. 0.]
  [1. 1. 0. 1. 1. 1.]]

 [[1. 1. 0. 1. 1. 0.]
  [0. 1. 1. 1. 0. 1.]
  [1. 0. 1. 0. 1. 0.]
  [0. 0. 0. 0. 0. 0.]
  [0. 0. 0. 0. 0. 0.]
  [0. 0. 0. 0. 0. 0.]]

 [[0. 0. 0. 0. 0. 0.]
  [0. 0. 0. 0. 0. 0.]
  [0. 0. 0. 0. 0. 0.]
  [0. 0. 0. 0. 0. 0.]
  [0. 0. 0. 0. 0. 0.]
  [0. 0. 0. 0. 0. 0.]]]",0,11,-1,2,-1,-0.09090909090909091,67,-14
43,43,-1,"[[[0. 0. 0. 0. 0. 0.]
  [0. 0. 0. 0. 0. 0.]
  [0. 1. 0. 0. 0. 1.]
  [1. 0. 0. 0. 0. 0.]
  [0. 1. 1. 1. 0. 0.]
  [1. 1. 0. 1. 1. 1.]]

 [[1. 1. 0. 1. 1. 0.]
  [0. 1. 1. 1. 0. 1.]
  [1. 0. 0. 0. 1. 0.]
  [0. 0. 0. 1. 0. 0.]
  [0. 0. 0. 0. 0. 0.]
  [0. 0. 0. 0. 0. 0.]]

 [[1. 1. 1. 1. 1. 1.]
  [1. 1. 1. 1. 1. 1.]
  [1. 1. 1. 1. 1. 1.]
  [1. 1. 1. 1. 1. 1.]
  [1. 1. 1. 1. 1. 1.]
  [1. 1. 1. 1. 1. 1.]]]",0,11,0,3,0,-0.5,75,4
44,44,1,"[[[0. 0. 0. 0. 0. 0.]
  [0. 0. 0. 0. 0. 0.]
  [0. 1. 0. 0. 0. 1.]
  [1. 0. 1. 0. 0. 0.]
  [0. 1. 1. 0. 0. 0.]
  [1. 1. 0. 1. 1. 1.]]

 [[1. 1. 0. 1. 1. 0.]
  [0. 1. 1. 1. 0. 1.]
  [1. 0. 0. 0. 1. 0.]
  [0. 0. 0. 1. 0. 0.]
  [0. 0. 0. 0. 0. 0.]
  [0. 0. 0. 0. 0. 0.]]

 [[0. 0. 0. 0. 0. 0.]
  [0. 0. 0. 0. 0. 0.]
  [0. 0. 0. 0. 0. 0.]
  [0. 0. 0. 0. 0. 0.]
  [0. 0. 0. 0. 0. 0.]
  [0. 0. 0. 0. 0. 0.]]]",0,11,0,3,0,-0.5,71,-7
45,45,-1,"[[[0. 0. 0. 0. 0. 0.]
  [0. 0. 0. 0. 0. 0.]
  [0. 1. 0. 0. 0. 1.]
  [1. 0. 1. 0. 0. 0.]
  [0. 1. 1. 0. 0. 0.]
  [1. 1. 0. 1. 1. 1.]]

 [[1. 1. 0. 1. 1. 0.]
  [0. 1. 0. 1. 0. 1.]
  [1. 0. 0. 1. 1. 0.]
  [0. 0. 0. 1. 0. 0.]
  [0. 0. 0. 0. 0. 0.]
  [0. 0. 0. 0. 0. 0.]]

 [[1. 1. 1. 1. 1. 1.]
  [1. 1. 1. 1. 1. 1.]
  [1. 1. 1. 1. 1. 1.]
  [1. 1. 1. 1. 1. 1.]
  [1. 1. 1. 1. 1. 1.]
  [1. 1. 1. 1. 1. 1.]]]",0,11,0,3,0,-0.4090909090909091,78,4
46,46,1,"[[[0. 0. 0. 0. 0. 0.]
  [0. 0. 0. 0. 0. 0.]
  [0. 1. 0. 0. 0. 1.]
  [1. 0. 1. 0. 0. 0.]
  [0. 1. 1. 0. 1. 0.]
  [1. 1. 0. 1. 0. 1.]]

 [[1. 1. 0. 1. 1. 0.]
  [0. 1. 0. 1. 0. 1.]
  [1. 0. 0. 1. 1. 0.]
  [0. 0. 0. 1. 0. 0.]
  [0. 0. 0. 0. 0. 0.]
  [0. 0. 0. 0. 0. 0.]]

 [[0. 0. 0. 0. 0. 0.]
  [0. 0. 0. 0. 0. 0.]
  [0. 0. 0. 0. 0. 0.]
  [0. 0. 0. 0. 0. 0.]
  [0. 0. 0. 0. 0. 0.]
  [0. 0. 0. 0. 0. 0.]]]",0,11,0,3,0,-0.4090909090909091,74,8
47,47,-1,"[[[0. 0. 0. 0. 0. 0.]
  [0. 0. 0. 0. 0. 0.]
  [0. 1. 0. 0. 0. 1.]
  [1. 0. 1. 0. 0. 0.]
  [0. 1. 1. 0. 1. 0.]
  [1. 1. 0. 1. 0. 1.]]

 [[1. 1. 0. 1. 1. 0.]
  [0. 1. 0. 1. 0. 1.]
  [1. 0. 0. 0. 1. 0.]
  [0. 0. 0. 1. 1. 0.]
  [0. 0. 0. 0. 0. 0.]
  [0. 0. 0. 0. 0. 0.]]

 [[1. 1. 1. 1. 1. 1.]
  [1. 1. 1. 1. 1. 1.]
  [1. 1. 1. 1. 1. 1.]
  [1. 1. 1. 1. 1. 1.]
  [1. 1. 1. 1. 1. 1.]
  [1. 1. 1. 1. 1. 1.]]]",0,11,0,3,0,-0.3181818181818182,66,-12
48,48,1,"[[[0. 0. 0. 0. 0. 0.]
  [0. 0. 0. 0. 0. 0.]
  [0. 1. 0. 0. 0. 1.]
  [1. 0. 1. 0. 0. 0.]
  [0. 1. 1. 0. 1. 1.]
  [1. 1. 0. 1. 0. 0.]]

 [[1. 1. 0. 1. 1. 0.]
  [0. 1. 0. 1. 0. 1.]
  [1. 0. 0. 0. 1. 0.]
  [0. 0. 0. 1. 1. 0.]
  [0. 0. 0. 0. 0. 0.]
  [0. 0. 0. 0. 0. 0.]]

 [[0. 0. 0. 0. 0. 0.]
  [0. 0. 0. 0. 0. 0.]
  [0. 0. 0. 0. 0. 0.]
  [0. 0. 0. 0. 0. 0.]
  [0. 0. 0. 0. 0. 0.]
  [0. 0. 0. 0. 0. 0.]]]",0,11,0,3,0,-0.3181818181818182,78,15
49,49,-1,"[[[0. 0. 0. 0. 0. 0.]
  [0. 0. 0. 0. 0. 0.]
  [0. 1. 0. 0. 0. 1.]
  [1. 0. 1. 0. 0. 0.]
  [0. 1. 1. 0. 1. 1.]
  [1. 1. 0. 1. 0. 0.]]

 [[1. 1. 0. 1. 1. 0.]
  [0. 1. 0. 1. 0. 1.]
  [0. 0. 0. 0. 1. 0.]
  [0. 1. 0. 1. 1. 0.]
  [0. 0. 0. 0. 0. 0.]
  [0. 0. 0. 0. 0. 0.]]

 [[1. 1. 1. 1. 1. 1.]
  [1. 1. 1. 1. 1. 1.]
  [1. 1. 1. 1. 1. 1.]
  [1. 1. 1. 1. 1. 1.]
  [1. 1. 1. 1. 1. 1.]
  [1. 1. 1. 1. 1. 1.]]]",0,11,0,3,0,-0.22727272727272727,63,-21
50,50,1,"[[[0. 0. 0. 0. 0. 0.]
  [0. 0. 0. 0. 0. 0.]
  [0. 1. 0. 0. 0. 1.]
  [1. 0. 1. 0. 1. 0.]
  [0. 1. 1. 0. 1. 0.]
  [1. 1. 0. 1. 0. 0.]]

 [[1. 1. 0. 1. 1. 0.]
  [0. 1. 0. 1. 0. 1.]
  [0. 0. 0. 0. 1. 0.]
  [0. 1. 0. 1. 0. 0.]
  [0. 0. 0. 0. 0. 0.]
  [0. 0. 0. 0. 0. 0.]]

 [[0. 0. 0. 0. 0. 0.]
  [0. 0. 0. 0. 0. 0.]
  [0. 0. 0. 0. 0. 0.]
  [0. 0. 0. 0. 0. 0.]
  [0. 0. 0. 0. 0. 0.]
  [0. 0. 0. 0. 0. 0.]]]",0,10,-1,3,0,-0.4,74,7
51,51,-1,"[[[0. 0. 0. 0. 0. 0.]
  [0. 0. 0. 0. 0. 0.]
  [0. 1. 0. 0. 0. 1.]
  [1. 0. 1. 0. 1. 0.]
  [0. 1. 1. 0. 1. 0.]
  [1. 1. 0. 1. 0. 0.]]

 [[1. 1. 0. 1. 1. 0.]
  [0. 1. 0. 1. 0. 1.]
  [0. 0. 0. 0. 1. 0.]
  [0. 1. 0. 0. 0. 0.]
  [0. 0. 0. 1. 0. 0.]
  [0. 0. 0. 0. 0. 0.]]

 [[1. 1. 1. 1. 1. 1.]
  [1. 1. 1. 1. 1. 1.]
  [1. 1. 1. 1. 1. 1.]
  [1. 1. 1. 1. 1. 1.]
  [1. 1. 1. 1. 1. 1.]
  [1. 1. 1. 1. 1. 1.]]]",0,11,1,3,-1,-0.13636363636363635,67,-7
52,52,1,"[[[0. 0. 0. 0. 0. 0.]
  [0. 0. 0. 0. 0. 0.]
  [1. 1. 0. 0. 0. 1.]
  [0. 0. 1. 0. 1. 0.]
  [0. 1. 1. 0. 1. 0.]
  [1. 1. 0. 1. 0. 0.]]

 [[1. 1. 0. 1. 1. 0.]
  [0. 1. 0. 1. 0. 1.]
  [0. 0. 0. 0. 1. 0.]
  [0. 1. 0. 0. 0. 0.]
  [0. 0. 0. 1. 0. 0.]
  [0. 0. 0. 0. 0. 0.]]

 [[0. 0. 0. 0. 0. 0.]
  [0. 0. 0. 0. 0. 0.]
  [0. 0. 0. 0. 0. 0.]
  [0. 0. 0. 0. 0. 0.]
  [0. 0. 0. 0. 0. 0.]
  [0. 0. 0. 0. 0. 0.]]]",0,10,-1,4,1,-0.8,74,4
53,53,-1,"[[[0. 0. 0. 0. 0. 0.]
  [0. 0. 0. 0. 0. 0.]
  [1. 1. 0. 0. 0. 1.]
  [0. 0. 1. 0. 1. 0.]
  [0. 1. 1. 0. 1. 0.]
  [1. 1. 0. 1. 0. 0.]]

 [[1. 0. 0. 1. 1. 0.]
  [0. 1. 1. 1. 0. 1.]
  [0. 0. 0. 0. 1. 0.]
  [0. 1. 0. 0. 0. 0.]
  [0. 0. 0. 1. 0. 0.]
  [0. 0. 0. 0. 0. 0.]]

 [[1. 1. 1. 1. 1. 1.]
  [1. 1. 1. 1. 1. 1.]
  [1. 1. 1. 1. 1. 1.]
  [1. 1. 1. 1. 1. 1.]
  [1. 1. 1. 1. 1. 1.]
  [1. 1. 1. 1. 1. 1.]]]",0,11,1,3,-1,-0.045454545454545456,70,8
54,54,1,"[[[0. 0. 0. 0. 0. 0.]
  [0. 0. 0. 0. 0. 0.]
  [1. 1. 0. 0. 0. 1.]
  [0. 1. 1. 0. 1. 0.]
  [0. 1. 0. 0. 1. 0.]
  [1. 1. 0. 1. 0. 0.]]

 [[1. 0. 0. 1. 1. 0.]
  [0. 1. 1. 1. 0. 1.]
  [0. 0. 0. 0. 1. 0.]
  [0. 0. 0. 0. 0. 0.]
  [0. 0. 0. 1. 0. 0.]
  [0. 0. 0. 0. 0. 0.]]

 [[0. 0. 0. 0. 0. 0.]
  [0. 0. 0. 0. 0. 0.]
  [0. 0. 0. 0. 0. 0.]
  [0. 0. 0. 0. 0. 0.]
  [0. 0. 0. 0. 0. 0.]
  [0. 0. 0. 0. 0. 0.]]]",0,9,-2,4,1,-0.8888888888888888,52,-21
55,55,-1,"[[[0. 0. 0. 0. 0. 0.]
  [0. 0. 0. 0. 0. 0.]
  [1. 1. 0. 0. 0. 1.]
  [0. 1. 1. 0. 1. 0.]
  [0. 1. 0. 0. 1. 0.]
  [1. 1. 0. 1. 0. 0.]]

 [[1. 0. 0. 1. 1. 0.]
  [0. 1. 1. 1. 0. 1.]
  [0. 0. 0. 0. 0. 0.]
  [0. 0. 0. 1. 0. 0.]
  [0. 0. 0. 1. 0. 0.]
  [0. 0. 0. 0. 0. 0.]]

 [[1. 1. 1. 1. 1. 1.]
  [1. 1. 1. 1. 1. 1.]
  [1. 1. 1. 1. 1. 1.]
  [1. 1. 1. 1. 1. 1.]
  [1. 1. 1. 1. 1. 1.]
  [1. 1. 1. 1. 1. 1.]]]",0,11,2,3,-1,0.045454545454545456,73,17
56,56,1,"[[[0. 0. 0. 0. 0. 0.]
  [0. 0. 0. 0. 0. 0.]
  [1. 1. 0. 0. 0. 1.]
  [0. 1. 1. 0. 1. 0.]
  [1. 1. 0. 0. 1. 0.]
  [1. 0. 0. 1. 0. 0.]]

 [[1. 0. 0. 1. 1. 0.]
  [0. 1. 1. 1. 0. 1.]
  [0. 0. 0. 0. 0. 0.]
  [0. 0. 0. 1. 0. 0.]
  [0. 0. 0. 1. 0. 0.]
  [0. 0. 0. 0. 0. 0.]]

 [[0. 0. 0. 0. 0. 0.]
  [0. 0. 0. 0. 0. 0.]
  [0. 0. 0. 0. 0. 0.]
  [0. 0. 0. 0. 0. 0.]
  [0. 0. 0. 0. 0. 0.]
  [0. 0. 0. 0. 0. 0.]]]",0,9,-2,4,1,-0.7777777777777778,56,-4
57,57,-1,"[[[0. 0. 0. 0. 0. 0.]
  [0. 0. 0. 0. 0. 0.]
  [1. 1. 0. 0. 0. 1.]
  [0. 1. 1. 0. 1. 0.]
  [1. 1. 0. 0. 1. 0.]
  [1. 0. 0. 1. 0. 0.]]

 [[1. 0. 0. 1. 1. 0.]
  [0. 1. 0. 1. 0. 1.]
  [0. 0. 1. 0. 0. 0.]
  [0. 0. 0. 1. 0. 0.]
  [0. 0. 0. 1. 0. 0.]
  [0. 0. 0. 0. 0. 0.]]

 [[1. 1. 1. 1. 1. 1.]
  [1. 1. 1. 1. 1. 1.]
  [1. 1. 1. 1. 1. 1.]
  [1. 1. 1. 1. 1. 1.]
  [1. 1. 1. 1. 1. 1.]
  [1. 1. 1. 1. 1. 1.]]]",0,11,2,3,-1,0.13636363636363635,60,1
58,58,1,"[[[0. 0. 0. 0. 0. 0.]
  [0. 0. 0. 0. 0. 0.]
  [1. 1. 0. 0. 1. 1.]
  [0. 1. 1. 0. 0. 0.]
  [1. 1. 0. 0. 1. 0.]
  [1. 0. 0. 1. 0. 0.]]

 [[1. 0. 0. 1. 1. 0.]
  [0. 1. 0. 1. 0. 1.]
  [0. 0. 1. 0. 0. 0.]
  [0. 0. 0. 1. 0. 0.]
  [0. 0. 0. 1. 0. 0.]
  [0. 0. 0. 0. 0. 0.]]

 [[0. 0. 0. 0. 0. 0.]
  [0. 0. 0. 0. 0. 0.]
  [0. 0. 0. 0. 0. 0.]
  [0. 0. 0. 0. 0. 0.]
  [0. 0. 0. 0. 0. 0.]
  [0. 0. 0. 0. 0. 0.]]]",0,9,-2,4,1,-0.6666666666666666,59,-5
59,59,-1,"[[[0. 0. 0. 0. 0. 0.]
  [0. 0. 0. 0. 0. 0.]
  [1. 1. 0. 0. 1. 1.]
  [0. 1. 1. 0. 0. 0.]
  [1. 1. 0. 0. 1. 0.]
  [1. 0. 0. 1. 0. 0.]]

 [[1. 0. 0. 1. 1. 0.]
  [0. 1. 0. 1. 0. 1.]
  [0. 0. 1. 0. 0. 0.]
  [0. 0. 0. 1. 0. 0.]
  [0. 0. 0. 0. 0. 0.]
  [0. 0. 0. 0. 1. 0.]]

 [[1. 1. 1. 1. 1. 1.]
  [1. 1. 1. 1. 1. 1.]
  [1. 1. 1. 1. 1. 1.]
  [1. 1. 1. 1. 1. 1.]
  [1. 1. 1. 1. 1. 1.]
  [1. 1. 1. 1. 1. 1.]]]",1,11,2,0,-2,0.22727272727272727,64,0
60,60,1,"[[[0. 0. 0. 0. 0. 0.]
  [0. 0. 0. 0. 0. 0.]
  [0. 0. 0. 0. 0. 0.]
  [0. 0. 0. 0. 1. 0.]
  [1. 1. 1. 1. 0. 1.]
  [1. 1. 1. 1. 1. 1.]]

 [[1. 1. 1. 1. 1. 1.]
  [1. 1. 1. 1. 1. 1.]
  [0. 0. 0. 0. 0. 0.]
  [0. 0. 0. 0. 0. 0.]
  [0. 0. 0. 0. 0. 0.]
  [0. 0. 0. 0. 0. 0.]]

 [[0. 0. 0. 0. 0. 0.]
  [0. 0. 0. 0. 0. 0.]
  [0. 0. 0. 0. 0. 0.]
  [0. 0. 0. 0. 0. 0.]
  [0. 0. 0. 0. 0. 0.]
  [0. 0. 0. 0. 0. 0.]]]",0,12,0,1,-1,0.0,66,-3
61,61,-1,"[[[0. 0. 0. 0. 0. 0.]
  [0. 0. 0. 0. 0. 0.]
  [0. 0. 0. 0. 0. 0.]
  [0. 0. 0. 0. 1. 0.]
  [1. 1. 1. 1. 0. 1.]
  [1. 1. 1. 1. 1. 1.]]

 [[1. 1. 1. 1. 1. 1.]
  [1. 1. 0. 1. 1. 1.]
  [0. 1. 0. 0. 0. 0.]
  [0. 0. 0. 0. 0. 0.]
  [0. 0. 0. 0. 0. 0.]
  [0. 0. 0. 0. 0. 0.]]

 [[1. 1. 1. 1. 1. 1.]
  [1. 1. 1. 1. 1. 1.]
  [1. 1. 1. 1. 1. 1.]
  [1. 1. 1. 1. 1. 1.]
  [1. 1. 1. 1. 1. 1.]
  [1. 1. 1. 1. 1. 1.]]]",0,12,0,2,0,-0.4166666666666667,69,0
62,62,1,"[[[0. 0. 0. 0. 0. 0.]
  [0. 0. 0. 0. 0. 0.]
  [0. 0. 0. 0. 0. 0.]
  [0. 1. 0. 0. 1. 0.]
  [1. 1. 0. 1. 0. 1.]
  [1. 1. 1. 1. 1. 1.]]

 [[1. 1. 1. 1. 1. 1.]
  [1. 1. 0. 1. 1. 1.]
  [0. 1. 0. 0. 0. 0.]
  [0. 0. 0. 0. 0. 0.]
  [0. 0. 0. 0. 0. 0.]
  [0. 0. 0. 0. 0. 0.]]

 [[0. 0. 0. 0. 0. 0.]
  [0. 0. 0. 0. 0. 0.]
  [0. 0. 0. 0. 0. 0.]
  [0. 0. 0. 0. 0. 0.]
  [0. 0. 0. 0. 0. 0.]
  [0. 0. 0. 0. 0. 0.]]]",0,12,0,2,0,-0.4166666666666667,69,-3
63,63,-1,"[[[0. 0. 0. 0. 0. 0.]
  [0. 0. 0. 0. 0. 0.]
  [0. 0. 0. 0. 0. 0.]
  [0. 1. 0. 0. 1. 0.]
  [1. 1. 0. 1. 0. 1.]
  [1. 1. 1. 1. 1. 1.]]

 [[1. 1. 1. 1. 1. 1.]
  [1. 1. 0. 0. 1. 1.]
  [0. 1. 0. 0. 1. 0.]
  [0. 0. 0. 0. 0. 0.]
  [0. 0. 0. 0. 0. 0.]
  [0. 0. 0. 0. 0. 0.]]

 [[1. 1. 1. 1. 1. 1.]
  [1. 1. 1. 1. 1. 1.]
  [1. 1. 1. 1. 1. 1.]
  [1. 1. 1. 1. 1. 1.]
  [1. 1. 1. 1. 1. 1.]
  [1. 1. 1. 1. 1. 1.]]]",0,12,0,2,0,-0.3333333333333333,72,0
64,64,1,"[[[0. 0. 0. 0. 0. 0.]
  [0. 0. 0. 0. 0. 0.]
  [0. 0. 1. 0. 0. 0.]
  [0. 0. 0. 0. 1. 0.]
  [1. 1. 0. 1. 0. 1.]
  [1. 1. 1. 1. 1. 1.]]

 [[1. 1. 1. 1. 1. 1.]
  [1. 1. 0. 0. 1. 1.]
  [0. 1. 0. 0. 1. 0.]
  [0. 0. 0. 0. 0. 0.]
  [0. 0. 0. 0. 0. 0.]
  [0. 0. 0. 0. 0. 0.]]

 [[0. 0. 0. 0. 0. 0.]
  [0. 0. 0. 0. 0. 0.]
  [0. 0. 0. 0. 0. 0.]
  [0. 0. 0. 0. 0. 0.]
  [0. 0. 0. 0. 0. 0.]
  [0. 0. 0. 0. 0. 0.]]]",0,12,0,2,-1,-0.3333333333333333,72,-4
65,65,-1,"[[[0. 0. 0. 0. 0. 0.]
  [0. 0. 0. 0. 0. 0.]
  [0. 0. 1. 0. 0. 0.]
  [0. 0. 0. 0. 1. 0.]
  [1. 1. 0. 1. 0. 1.]
  [1. 1. 1. 1. 1. 1.]]

 [[1. 1. 1. 1. 1. 1.]
  [1. 0. 0. 0. 1. 1.]
  [1. 1. 0. 0. 1. 0.]
  [0. 0. 0. 0. 0. 0.]
  [0. 0. 0. 0. 0. 0.]
  [0. 0. 0. 0. 0. 0.]]

 [[1. 1. 1. 1. 1. 1.]
  [1. 1. 1. 1. 1. 1.]
  [1. 1. 1. 1. 1. 1.]
  [1. 1. 1. 1. 1. 1.]
  [1. 1. 1. 1. 1. 1.]
  [1. 1. 1. 1. 1. 1.]]]",0,12,0,3,1,-0.75,76,3
66,66,1,"[[[0. 0. 0. 0. 0. 0.]
  [0. 0. 0. 0. 0. 0.]
  [0. 0. 1. 0. 0. 0.]
  [0. 0. 0. 0. 1. 0.]
  [1. 1. 1. 1. 0. 1.]
  [1. 1. 1. 0. 1. 1.]]

 [[1. 1. 1. 1. 1. 1.]
  [1. 0. 0. 0. 1. 1.]
  [1. 1. 0. 0. 1. 0.]
  [0. 0. 0. 0. 0. 0.]
  [0. 0. 0. 0. 0. 0.]
  [0. 0. 0. 0. 0. 0.]]

 [[0. 0. 0. 0. 0. 0.]
  [0. 0. 0. 0. 0. 0.]
  [0. 0. 0. 0. 0. 0.]
  [0. 0. 0. 0. 0. 0.]
  [0. 0. 0. 0. 0. 0.]
  [0. 0. 0. 0. 0. 0.]]]",0,12,0,2,-1,-0.25,73,-1
67,67,-1,"[[[0. 0. 0. 0. 0. 0.]
  [0. 0. 0. 0. 0. 0.]
  [0. 0. 1. 0. 0. 0.]
  [0. 0. 0. 0. 1. 0.]
  [1. 1. 1. 1. 0. 1.]
  [1. 1. 1. 0. 1. 1.]]

 [[1. 1. 1. 1. 1. 1.]
  [1. 0. 0. 0. 1. 1.]
  [1. 0. 0. 0. 1. 0.]
  [0. 0. 1. 0. 0. 0.]
  [0. 0. 0. 0. 0. 0.]
  [0. 0. 0. 0. 0. 0.]]

 [[1. 1. 1. 1. 1. 1.]
  [1. 1. 1. 1. 1. 1.]
  [1. 1. 1. 1. 1. 1.]
  [1. 1. 1. 1. 1. 1.]
  [1. 1. 1. 1. 1. 1.]
  [1. 1. 1. 1. 1. 1.]]]",0,12,0,3,0,-0.6666666666666666,74,-3
68,68,1,"[[[0. 0. 0. 0. 0. 0.]
  [0. 0. 0. 0. 0. 0.]
  [0. 0. 1. 0. 0. 0.]
  [0. 0. 0. 1. 1. 0.]
  [1. 1. 0. 1. 0. 1.]
  [1. 1. 1. 0. 1. 1.]]

 [[1. 1. 1. 1. 1. 1.]
  [1. 0. 0. 0. 1. 1.]
  [1. 0. 0. 0. 1. 0.]
  [0. 0. 1. 0. 0. 0.]
  [0. 0. 0. 0. 0. 0.]
  [0. 0. 0. 0. 0. 0.]]

 [[0. 0. 0. 0. 0. 0.]
  [0. 0. 0. 0. 0. 0.]
  [0. 0. 0. 0. 0. 0.]
  [0. 0. 0. 0. 0. 0.]
  [0. 0. 0. 0. 0. 0.]
  [0. 0. 0. 0. 0. 0.]]]",0,12,0,3,0,-0.6666666666666666,77,0
69,69,-1,"[[[0. 0. 0. 0. 0. 0.]
  [0. 0. 0. 0. 0. 0.]
  [0. 0. 1. 0. 0. 0.]
  [0. 0. 0. 1. 1. 0.]
  [1. 1. 0. 1. 0. 1.]
  [1. 1. 1. 0. 1. 1.]]

 [[1. 0. 1. 1. 1. 1.]
  [1. 0. 1. 0. 1. 1.]
  [1. 0. 0. 0. 1. 0.]
  [0. 0. 1. 0. 0. 0.]
  [0. 0. 0. 0. 0. 0.]
  [0. 0. 0. 0. 0. 0.]]

 [[1. 1. 1. 1. 1. 1.]
  [1. 1. 1. 1. 1. 1.]
  [1. 1. 1. 1. 1. 1.]
  [1. 1. 1. 1. 1. 1.]
  [1. 1. 1. 1. 1. 1.]
  [1. 1. 1. 1. 1. 1.]]]",0,12,0,3,0,-0.5833333333333334,77,12
70,70,1,"[[[0. 0. 0. 0. 0. 0.]
  [0. 0. 0. 0. 0. 0.]
  [0. 0. 1. 0. 0. 0.]
  [1. 0. 0. 1. 1. 0.]
  [0. 1. 0. 1. 0. 1.]
  [1. 1. 1. 0. 1. 1.]]

 [[1. 0. 1. 1. 1. 1.]
  [1. 0. 1. 0. 1. 1.]
  [1. 0. 0. 0. 1. 0.]
  [0. 0. 1. 0. 0. 0.]
  [0. 0. 0. 0. 0. 0.]
  [0. 0. 0. 0. 0. 0.]]

 [[0. 0. 0. 0. 0. 0.]
  [0. 0. 0. 0. 0. 0.]
  [0. 0. 0. 0. 0. 0.]
  [0. 0. 0. 0. 0. 0.]
  [0. 0. 0. 0. 0. 0.]
  [0. 0. 0. 0. 0. 0.]]]",0,12,0,3,0,-0.5833333333333334,65,-14
71,71,-1,"[[[0. 0. 0. 0. 0. 0.]
  [0. 0. 0. 0. 0. 0.]
  [0. 0. 1. 0. 0. 0.]
  [1. 0. 0. 1. 1. 0.]
  [0. 0. 0. 1. 0. 1.]
  [1. 1. 1. 0. 1. 1.]]

 [[1. 0. 1. 1. 1. 1.]
  [1. 0. 1. 0. 1. 1.]
  [1. 0. 0. 0. 1. 0.]
  [0. 0. 0. 0. 0. 0.]
  [0. 1. 0. 0. 0. 0.]
  [0. 0. 0. 0. 0. 0.]]

 [[1. 1. 1. 1. 1. 1.]
  [1. 1. 1. 1. 1. 1.]
  [1. 1. 1. 1. 1. 1.]
  [1. 1. 1. 1. 1. 1.]
  [1. 1. 1. 1. 1. 1.]
  [1. 1. 1. 1. 1. 1.]]]",0,11,-1,3,-1,-0.5,76,11
72,72,1,"[[[0. 0. 0. 0. 0. 0.]
  [0. 0. 0. 0. 0. 0.]
  [0. 0. 1. 0. 0. 0.]
  [1. 0. 0. 1. 1. 0.]
  [0. 0. 1. 1. 0. 1.]
  [1. 1. 0. 0. 1. 1.]]

 [[1. 0. 1. 1. 1. 1.]
  [1. 0. 1. 0. 1. 1.]
  [1. 0. 0. 0. 1. 0.]
  [0. 0. 0. 0. 0. 0.]
  [0. 1. 0. 0. 0. 0.]
  [0. 0. 0. 0. 0. 0.]]

 [[0. 0. 0. 0. 0. 0.]
  [0. 0. 0. 0. 0. 0.]
  [0. 0. 0. 0. 0. 0.]
  [0. 0. 0. 0. 0. 0.]
  [0. 0. 0. 0. 0. 0.]
  [0. 0. 0. 0. 0. 0.]]]",0,12,1,4,1,-1.0,65,-9
73,73,-1,"[[[0. 0. 0. 0. 0. 0.]
  [0. 0. 0. 0. 0. 0.]
  [0. 0. 1. 0. 0. 0.]
  [1. 0. 0. 1. 1. 0.]
  [0. 0. 1. 1. 0. 1.]
  [1. 1. 0. 0. 1. 1.]]

 [[1. 0. 1. 1. 1. 1.]
  [1. 0. 1. 0. 1. 1.]
  [1. 0. 0. 0. 1. 0.]
  [0. 0. 0. 0. 0. 0.]
  [0. 0. 0. 0. 0. 0.]
  [0. 0. 1. 0. 0. 0.]]

 [[1. 1. 1. 1. 1. 1.]
  [1. 1. 1. 1. 1. 1.]
  [1. 1. 1. 1. 1. 1.]
  [1. 1. 1. 1. 1. 1.]
  [1. 1. 1. 1. 1. 1.]
  [1. 1. 1. 1. 1. 1.]]]",1,11,-1,0,-2,-0.4090909090909091,74,4
74,74,1,"[[[0. 0. 0. 0. 0. 0.]
  [0. 0. 0. 0. 0. 0.]
  [0. 0. 0. 0. 0. 0.]
  [1. 0. 0. 0. 0. 0.]
  [0. 1. 1. 1. 1. 1.]
  [1. 1. 1. 1. 1. 1.]]

 [[1. 1. 1. 1. 1. 1.]
  [1. 1. 1. 1. 1. 1.]
  [0. 0. 0. 0. 0. 0.]
  [0. 0. 0. 0. 0. 0.]
  [0. 0. 0. 0. 0. 0.]
  [0. 0. 0. 0. 0. 0.]]

 [[0. 0. 0. 0. 0. 0.]
  [0. 0. 0. 0. 0. 0.]
  [0. 0. 0. 0. 0. 0.]
  [0. 0. 0. 0. 0. 0.]
  [0. 0. 0. 0. 0. 0.]
  [0. 0. 0. 0. 0. 0.]]]",0,12,0,1,-1,0.0,66,-2
75,75,-1,"[[[0. 0. 0. 0. 0. 0.]
  [0. 0. 0. 0. 0. 0.]
  [0. 0. 0. 0. 0. 0.]
  [1. 0. 0. 0. 0. 0.]
  [0. 1. 1. 1. 1. 1.]
  [1. 1. 1. 1. 1. 1.]]

 [[1. 1. 1. 1. 1. 1.]
  [1. 1. 0. 1. 1. 1.]
  [0. 0. 0. 1. 0. 0.]
  [0. 0. 0. 0. 0. 0.]
  [0. 0. 0. 0. 0. 0.]
  [0. 0. 0. 0. 0. 0.]]

 [[1. 1. 1. 1. 1. 1.]
  [1. 1. 1. 1. 1. 1.]
  [1. 1. 1. 1. 1. 1.]
  [1. 1. 1. 1. 1. 1.]
  [1. 1. 1. 1. 1. 1.]
  [1. 1. 1. 1. 1. 1.]]]",0,12,0,2,0,-0.4166666666666667,68,-1
76,76,1,"[[[0. 0. 0. 0. 0. 0.]
  [0. 0. 0. 0. 0. 0.]
  [0. 0. 0. 0. 0. 0.]
  [1. 0. 0. 0. 1. 0.]
  [0. 1. 1. 0. 1. 1.]
  [1. 1. 1. 1. 1. 1.]]

 [[1. 1. 1. 1. 1. 1.]
  [1. 1. 0. 1. 1. 1.]
  [0. 0. 0. 1. 0. 0.]
  [0. 0. 0. 0. 0. 0.]
  [0. 0. 0. 0. 0. 0.]
  [0. 0. 0. 0. 0. 0.]]

 [[0. 0. 0. 0. 0. 0.]
  [0. 0. 0. 0. 0. 0.]
  [0. 0. 0. 0. 0. 0.]
  [0. 0. 0. 0. 0. 0.]
  [0. 0. 0. 0. 0. 0.]
  [0. 0. 0. 0. 0. 0.]]]",0,12,0,2,0,-0.4166666666666667,69,-2
77,77,-1,"[[[0. 0. 0. 0. 0. 0.]
  [0. 0. 0. 0. 0. 0.]
  [0. 0. 0. 0. 0. 0.]
  [1. 0. 0. 0. 0. 0.]
  [0. 1. 1. 0. 1. 1.]
  [1. 1. 1. 1. 1. 1.]]

 [[1. 1. 1. 1. 1. 1.]
  [1. 1. 0. 1. 1. 1.]
  [0. 0. 0. 0. 0. 0.]
  [0. 0. 0. 0. 1. 0.]
  [0. 0. 0. 0. 0. 0.]
  [0. 0. 0. 0. 0. 0.]]

 [[1. 1. 1. 1. 1. 1.]
  [1. 1. 1. 1. 1. 1.]
  [1. 1. 1. 1. 1. 1.]
  [1. 1. 1. 1. 1. 1.]
  [1. 1. 1. 1. 1. 1.]
  [1. 1. 1. 1. 1. 1.]]]",0,11,-1,2,-1,-0.45454545454545453,65,-8
78,78,1,"[[[0. 0. 0. 0. 0. 0.]
  [0. 0. 0. 0. 0. 0.]
  [0. 0. 0. 0. 0. 0.]
  [1. 1. 0. 0. 0. 0.]
  [0. 1. 0. 0. 1. 1.]
  [1. 1. 1. 1. 1. 1.]]

 [[1. 1. 1. 1. 1. 1.]
  [1. 1. 0. 1. 1. 1.]
  [0. 0. 0. 0. 0. 0.]
  [0. 0. 0. 0. 1. 0.]
  [0. 0. 0. 0. 0. 0.]
  [0. 0. 0. 0. 0. 0.]]

 [[0. 0. 0. 0. 0. 0.]
  [0. 0. 0. 0. 0. 0.]
  [0. 0. 0. 0. 0. 0.]
  [0. 0. 0. 0. 0. 0.]
  [0. 0. 0. 0. 0. 0.]
  [0. 0. 0. 0. 0. 0.]]]",0,12,1,3,1,-0.8333333333333334,73,5
79,79,-1,"[[[0. 0. 0. 0. 0. 0.]
  [0. 0. 0. 0. 0. 0.]
  [0. 0. 0. 0. 0. 0.]
  [1. 1. 0. 0. 0. 0.]
  [0. 1. 0. 0. 1. 1.]
  [1. 1. 1. 1. 1. 1.]]

 [[1. 1. 1. 1. 1. 1.]
  [1. 1. 0. 0. 1. 1.]
  [0. 0. 0. 0. 1. 0.]
  [0. 0. 0. 0. 1. 0.]
  [0. 0. 0. 0. 0. 0.]
  [0. 0. 0. 0. 0. 0.]]

 [[1. 1. 1. 1. 1. 1.]
  [1. 1. 1. 1. 1. 1.]
  [1. 1. 1. 1. 1. 1.]
  [1. 1. 1. 1. 1. 1.]
  [1. 1. 1. 1. 1. 1.]
  [1. 1. 1. 1. 1. 1.]]]",0,11,-1,2,-1,-0.36363636363636365,68,-8
80,80,1,"[[[0. 0. 0. 0. 0. 0.]
  [0. 0. 0. 0. 0. 0.]
  [0. 0. 0. 0. 0. 0.]
  [1. 1. 0. 0. 1. 0.]
  [0. 1. 0. 0. 1. 0.]
  [1. 1. 1. 1. 1. 1.]]

 [[1. 1. 1. 1. 1. 1.]
  [1. 1. 0. 0. 1. 1.]
  [0. 0. 0. 0. 1. 0.]
  [0. 0. 0. 0. 0. 0.]
  [0. 0. 0. 0. 0. 0.]
  [0. 0. 0. 0. 0. 0.]]

 [[0. 0. 0. 0. 0. 0.]
  [0. 0. 0. 0. 0. 0.]
  [0. 0. 0. 0. 0. 0.]
  [0. 0. 0. 0. 0. 0.]
  [0. 0. 0. 0. 0. 0.]
  [0. 0. 0. 0. 0. 0.]]]",0,11,0,2,0,-0.45454545454545453,66,-6
81,81,-1,"[[[0. 0. 0. 0. 0. 0.]
  [0. 0. 0. 0. 0. 0.]
  [0. 0. 0. 0. 0. 0.]
  [1. 1. 0. 0. 1. 0.]
  [0. 1. 0. 0. 1. 0.]
  [1. 1. 1. 1. 1. 1.]]

 [[1. 1. 1. 1. 0. 1.]
  [1. 1. 0. 1. 1. 1.]
  [0. 0. 0. 0. 1. 0.]
  [0. 0. 0. 0. 0. 0.]
  [0. 0. 0. 0. 0. 0.]
  [0. 0. 0. 0. 0. 0.]]

 [[1. 1. 1. 1. 1. 1.]
  [1. 1. 1. 1. 1. 1.]
  [1. 1. 1. 1. 1. 1.]
  [1. 1. 1. 1. 1. 1.]
  [1. 1. 1. 1. 1. 1.]
  [1. 1. 1. 1. 1. 1.]]]",0,11,0,2,0,-0.2727272727272727,72,18
82,82,1,"[[[0. 0. 0. 0. 0. 0.]
  [0. 0. 0. 0. 0. 0.]
  [0. 1. 0. 0. 0. 0.]
  [0. 1. 0. 0. 1. 0.]
  [0. 1. 0. 0. 1. 0.]
  [1. 1. 1. 1. 1. 1.]]

 [[1. 1. 1. 1. 0. 1.]
  [1. 1. 0. 1. 1. 1.]
  [0. 0. 0. 0. 1. 0.]
  [0. 0. 0. 0. 0. 0.]
  [0. 0. 0. 0. 0. 0.]
  [0. 0. 0. 0. 0. 0.]]

 [[0. 0. 0. 0. 0. 0.]
  [0. 0. 0. 0. 0. 0.]
  [0. 0. 0. 0. 0. 0.]
  [0. 0. 0. 0. 0. 0.]
  [0. 0. 0. 0. 0. 0.]
  [0. 0. 0. 0. 0. 0.]]]",0,11,0,2,-1,-0.36363636363636365,54,-24
83,83,-1,"[[[0. 0. 0. 0. 0. 0.]
  [0. 0. 0. 0. 0. 0.]
  [0. 1. 0. 0. 0. 0.]
  [0. 1. 0. 0. 1. 0.]
  [0. 1. 0. 0. 1. 0.]
  [1. 1. 1. 1. 1. 1.]]

 [[1. 1. 1. 1. 0. 1.]
  [1. 1. 0. 1. 1. 1.]
  [0. 0. 0. 0. 0. 0.]
  [0. 0. 0. 1. 0. 0.]
  [0. 0. 0. 0. 0. 0.]
  [0. 0. 0. 0. 0. 0.]]

 [[1. 1. 1. 1. 1. 1.]
  [1. 1. 1. 1. 1. 1.]
  [1. 1. 1. 1. 1. 1.]
  [1. 1. 1. 1. 1. 1.]
  [1. 1. 1. 1. 1. 1.]
  [1. 1. 1. 1. 1. 1.]]]",0,11,0,3,0,-0.6818181818181818,78,20
84,84,1,"[[[0. 0. 0. 0. 0. 0.]
  [0. 0. 0. 0. 0. 0.]
  [0. 1. 0. 0. 0. 0.]
  [0. 1. 1. 0. 1. 0.]
  [0. 0. 0. 0. 1. 0.]
  [1. 1. 1. 1. 1. 1.]]

 [[1. 1. 1. 1. 0. 1.]
  [1. 1. 0. 1. 1. 1.]
  [0. 0. 0. 0. 0. 0.]
  [0. 0. 0. 1. 0. 0.]
  [0. 0. 0. 0. 0. 0.]
  [0. 0. 0. 0. 0. 0.]]

 [[0. 0. 0. 0. 0. 0.]
  [0. 0. 0. 0. 0. 0.]
  [0. 0. 0. 0. 0. 0.]
  [0. 0. 0. 0. 0. 0.]
  [0. 0. 0. 0. 0. 0.]
  [0. 0. 0. 0. 0. 0.]]]",0,11,0,3,0,-0.7727272727272727,58,-23
85,85,-1,"[[[0. 0. 0. 0. 0. 0.]
  [0. 0. 0. 0. 0. 0.]
  [0. 1. 0. 0. 0. 0.]
  [0. 1. 1. 0. 1. 0.]
  [0. 0. 0. 0. 1. 0.]
  [1. 1. 1. 1. 1. 1.]]

 [[1. 1. 1. 1. 0. 1.]
  [1. 1. 0. 0. 1. 1.]
  [0. 0. 0. 1. 0. 0.]
  [0. 0. 0. 1. 0. 0.]
  [0. 0. 0. 0. 0. 0.]
  [0. 0. 0. 0. 0. 0.]]

 [[1. 1. 1. 1. 1. 1.]
  [1. 1. 1. 1. 1. 1.]
  [1. 1. 1. 1. 1. 1.]
  [1. 1. 1. 1. 1. 1.]
  [1. 1. 1. 1. 1. 1.]
  [1. 1. 1. 1. 1. 1.]]]",0,11,0,3,0,-0.5909090909090909,81,20
86,86,1,"[[[0. 0. 0. 0. 0. 0.]
  [0. 0. 0. 0. 0. 0.]
  [0. 1. 0. 0. 0. 0.]
  [0. 1. 1. 0. 1. 0.]
  [0. 0. 1. 0. 1. 0.]
  [1. 1. 0. 1. 1. 1.]]

 [[1. 1. 1. 1. 0. 1.]
  [1. 1. 0. 0. 1. 1.]
  [0. 0. 0. 1. 0. 0.]
  [0. 0. 0. 1. 0. 0.]
  [0. 0. 0. 0. 0. 0.]
  [0. 0. 0. 0. 0. 0.]]

 [[0. 0. 0. 0. 0. 0.]
  [0. 0. 0. 0. 0. 0.]
  [0. 0. 0. 0. 0. 0.]
  [0. 0. 0. 0. 0. 0.]
  [0. 0. 0. 0. 0. 0.]
  [0. 0. 0. 0. 0. 0.]]]",0,11,0,3,0,-0.6818181818181818,61,-18
87,87,-1,"[[[0. 0. 0. 0. 0. 0.]
  [0. 0. 0. 0. 0. 0.]
  [0. 1. 0. 0. 0. 0.]
  [0. 1. 1. 0. 1. 0.]
  [0. 0. 1. 0. 1. 0.]
  [1. 1. 0. 1. 1. 1.]]

 [[1. 1. 1. 1. 0. 1.]
  [1. 1. 0. 0. 1. 1.]
  [0. 0. 0. 1. 0. 0.]
  [0. 0. 0. 0. 0. 0.]
  [0. 0. 0. 1. 0. 0.]
  [0. 0. 0. 0. 0. 0.]]

 [[1. 1. 1. 1. 1. 1.]
  [1. 1. 1. 1. 1. 1.]
  [1. 1. 1. 1. 1. 1.]
  [1. 1. 1. 1. 1. 1.]
  [1. 1. 1. 1. 1. 1.]
  [1. 1. 1. 1. 1. 1.]]]",0,11,0,3,-1,-0.5,79,18
88,88,1,"[[[0. 0. 0. 0. 0. 0.]
  [1. 0. 0. 0. 0. 0.]
  [0. 0. 0. 0. 0. 0.]
  [0. 1. 1. 0. 1. 0.]
  [0. 0. 1. 0. 1. 0.]
  [1. 1. 0. 1. 1. 1.]]

 [[1. 1. 1. 1. 0. 1.]
  [0. 1. 0. 0. 1. 1.]
  [0. 0. 0. 1. 0. 0.]
  [0. 0. 0. 0. 0. 0.]
  [0. 0. 0. 1. 0. 0.]
  [0. 0. 0. 0. 0. 0.]]

 [[0. 0. 0. 0. 0. 0.]
  [0. 0. 0. 0. 0. 0.]
  [0. 0. 0. 0. 0. 0.]
  [0. 0. 0. 0. 0. 0.]
  [0. 0. 0. 0. 0. 0.]
  [0. 0. 0. 0. 0. 0.]]]",0,10,-1,4,0,-1.1,59,-17
89,89,-1,"[[[0. 0. 0. 0. 0. 0.]
  [1. 0. 0. 0. 0. 0.]
  [0. 0. 0. 0. 0. 0.]
  [0. 1. 1. 0. 1. 0.]
  [0. 0. 1. 0. 1. 0.]
  [1. 1. 0. 1. 1. 1.]]

 [[1. 1. 0. 1. 0. 1.]
  [0. 1. 0. 1. 1. 1.]
  [0. 0. 0. 1. 0. 0.]
  [0. 0. 0. 0. 0. 0.]
  [0. 0. 0. 1. 0. 0.]
  [0. 0. 0. 0. 0. 0.]]

 [[1. 1. 1. 1. 1. 1.]
  [1. 1. 1. 1. 1. 1.]
  [1. 1. 1. 1. 1. 1.]
  [1. 1. 1. 1. 1. 1.]
  [1. 1. 1. 1. 1. 1.]
  [1. 1. 1. 1. 1. 1.]]]",0,11,1,4,0,-0.9090909090909091,76,19
90,90,1,"[[[0. 1. 0. 0. 0. 0.]
  [0. 0. 0. 0. 0. 0.]
  [0. 0. 0. 0. 0. 0.]
  [0. 1. 1. 0. 1. 0.]
  [0. 0. 1. 0. 1. 0.]
  [1. 1. 0. 1. 1. 1.]]

 [[1. 0. 0. 1. 0. 1.]
  [0. 1. 0. 1. 1. 1.]
  [0. 0. 0. 1. 0. 0.]
  [0. 0. 0. 0. 0. 0.]
  [0. 0. 0. 1. 0. 0.]
  [0. 0. 0. 0. 0. 0.]]

 [[0. 0. 0. 0. 0. 0.]
  [0. 0. 0. 0. 0. 0.]
  [0. 0. 0. 0. 0. 0.]
  [0. 0. 0. 0. 0. 0.]
  [0. 0. 0. 0. 0. 0.]
  [0. 0. 0. 0. 0. 0.]]]",1,9,-2,0,-1,-0.8888888888888888,42,-42
91,91,-1,"[[[0. 0. 0. 0. 0. 0.]
  [0. 0. 0. 0. 0. 0.]
  [0. 0. 0. 0. 0. 0.]
  [0. 1. 0. 0. 0. 0.]
  [1. 0. 1. 1. 1. 1.]
  [1. 1. 1. 1. 1. 1.]]

 [[1. 1. 1. 1. 1. 1.]
  [1. 0. 1. 1. 1. 1.]
  [1. 0. 0. 0. 0. 0.]
  [0. 0. 0. 0. 0. 0.]
  [0. 0. 0. 0. 0. 0.]
  [0. 0. 0. 0. 0. 0.]]

 [[1. 1. 1. 1. 1. 1.]
  [1. 1. 1. 1. 1. 1.]
  [1. 1. 1. 1. 1. 1.]
  [1. 1. 1. 1. 1. 1.]
  [1. 1. 1. 1. 1. 1.]
  [1. 1. 1. 1. 1. 1.]]]",0,12,0,2,0,-0.4166666666666667,69,2
92,92,1,"[[[0. 0. 0. 0. 0. 0.]
  [0. 0. 0. 0. 0. 0.]
  [0. 0. 0. 0. 0. 0.]
  [1. 1. 0. 0. 0. 0.]
  [0. 0. 1. 1. 1. 1.]
  [1. 1. 1. 1. 1. 1.]]

 [[1. 1. 1. 1. 1. 1.]
  [1. 0. 1. 1. 1. 1.]
  [1. 0. 0. 0. 0. 0.]
  [0. 0. 0. 0. 0. 0.]
  [0. 0. 0. 0. 0. 0.]
  [0. 0. 0. 0. 0. 0.]]

 [[0. 0. 0. 0. 0. 0.]
  [0. 0. 0. 0. 0. 0.]
  [0. 0. 0. 0. 0. 0.]
  [0. 0. 0. 0. 0. 0.]
  [0. 0. 0. 0. 0. 0.]
  [0. 0. 0. 0. 0. 0.]]]",0,12,0,2,0,-0.4166666666666667,67,-4
93,93,-1,"[[[0. 0. 0. 0. 0. 0.]
  [0. 0. 0. 0. 0. 0.]
  [0. 0. 0. 0. 0. 0.]
  [1. 0. 0. 0. 0. 0.]
  [0. 0. 1. 1. 1. 1.]
  [1. 1. 1. 1. 1. 1.]]

 [[1. 1. 1. 1. 1. 1.]
  [1. 0. 1. 1. 1. 1.]
  [0. 0. 0. 0. 0. 0.]
  [0. 1. 0. 0. 0. 0.]
  [0. 0. 0. 0. 0. 0.]
  [0. 0. 0. 0. 0. 0.]]

 [[1. 1. 1. 1. 1. 1.]
  [1. 1. 1. 1. 1. 1.]
  [1. 1. 1. 1. 1. 1.]
  [1. 1. 1. 1. 1. 1.]
  [1. 1. 1. 1. 1. 1.]
  [1. 1. 1. 1. 1. 1.]]]",0,11,-1,2,-1,-0.45454545454545453,65,-8
94,94,1,"[[[0. 0. 0. 0. 0. 0.]
  [0. 0. 0. 0. 0. 0.]
  [0. 0. 0. 0. 0. 0.]
  [1. 1. 0. 0. 0. 0.]
  [0. 0. 0. 1. 1. 1.]
  [1. 1. 1. 1. 1. 1.]]

 [[1. 1. 1. 1. 1. 1.]
  [1. 0. 1. 1. 1. 1.]
  [0. 0. 0. 0. 0. 0.]
  [0. 0. 0. 0. 0. 0.]
  [0. 0. 0. 0. 0. 0.]
  [0. 0. 0. 0. 0. 0.]]

 [[0. 0. 0. 0. 0. 0.]
  [0. 0. 0. 0. 0. 0.]
  [0. 0. 0. 0. 0. 0.]
  [0. 0. 0. 0. 0. 0.]
  [0. 0. 0. 0. 0. 0.]
  [0. 0. 0. 0. 0. 0.]]]",0,11,0,1,-1,-0.045454545454545456,63,-5
95,95,-1,"[[[0. 0. 0. 0. 0. 0.]
  [0. 0. 0. 0. 0. 0.]
  [0. 0. 0. 0. 0. 0.]
  [1. 1. 0. 0. 0. 0.]
  [0. 0. 0. 1. 1. 1.]
  [1. 1. 1. 1. 1. 1.]]

 [[1. 1. 1. 1. 1. 1.]
  [1. 0. 0. 1. 1. 1.]
  [0. 0. 0. 1. 0. 0.]
  [0. 0. 0. 0. 0. 0.]
  [0. 0. 0. 0. 0. 0.]
  [0. 0. 0. 0. 0. 0.]]

 [[1. 1. 1. 1. 1. 1.]
  [1. 1. 1. 1. 1. 1.]
  [1. 1. 1. 1. 1. 1.]
  [1. 1. 1. 1. 1. 1.]
  [1. 1. 1. 1. 1. 1.]
  [1. 1. 1. 1. 1. 1.]]]",0,11,0,2,0,-0.36363636363636365,68,2
96,96,1,"[[[0. 0. 0. 0. 0. 0.]
  [0. 0. 0. 0. 0. 0.]
  [0. 0. 0. 0. 0. 0.]
  [1. 1. 0. 0. 1. 0.]
  [0. 0. 0. 1. 1. 0.]
  [1. 1. 1. 1. 1. 1.]]

 [[1. 1. 1. 1. 1. 1.]
  [1. 0. 0. 1. 1. 1.]
  [0. 0. 0. 1. 0. 0.]
  [0. 0. 0. 0. 0. 0.]
  [0. 0. 0. 0. 0. 0.]
  [0. 0. 0. 0. 0. 0.]]

 [[0. 0. 0. 0. 0. 0.]
  [0. 0. 0. 0. 0. 0.]
  [0. 0. 0. 0. 0. 0.]
  [0. 0. 0. 0. 0. 0.]
  [0. 0. 0. 0. 0. 0.]
  [0. 0. 0. 0. 0. 0.]]]",0,11,0,2,0,-0.45454545454545453,66,-6
97,97,-1,"[[[0. 0. 0. 0. 0. 0.]
  [0. 0. 0. 0. 0. 0.]
  [0. 0. 0. 0. 0. 0.]
  [1. 1. 0. 0. 1. 0.]
  [0. 0. 0. 1. 1. 0.]
  [1. 1. 1. 1. 1. 1.]]

 [[1. 1. 1. 1. 1. 1.]
  [0. 0. 0. 1. 1. 1.]
  [1. 0. 0. 1. 0. 0.]
  [0. 0. 0. 0. 0. 0.]
  [0. 0. 0. 0. 0. 0.]
  [0. 0. 0. 0. 0. 0.]]

 [[1. 1. 1. 1. 1. 1.]
  [1. 1. 1. 1. 1. 1.]
  [1. 1. 1. 1. 1. 1.]
  [1. 1. 1. 1. 1. 1.]
  [1. 1. 1. 1. 1. 1.]
  [1. 1. 1. 1. 1. 1.]]]",0,11,0,2,0,-0.2727272727272727,72,4
98,98,1,"[[[0. 0. 0. 0. 0. 0.]
  [0. 0. 0. 0. 0. 0.]
  [0. 0. 0. 0. 0. 0.]
  [1. 1. 0. 1. 1. 0.]
  [0. 0. 0. 1. 0. 0.]
  [1. 1. 1. 1. 1. 1.]]

 [[1. 1. 1. 1. 1. 1.]
  [0. 0. 0. 1. 1. 1.]
  [1. 0. 0. 1. 0. 0.]
  [0. 0. 0. 0. 0. 0.]
  [0. 0. 0. 0. 0. 0.]
  [0. 0. 0. 0. 0. 0.]]

 [[0. 0. 0. 0. 0. 0.]
  [0. 0. 0. 0. 0. 0.]
  [0. 0. 0. 0. 0. 0.]
  [0. 0. 0. 0. 0. 0.]
  [0. 0. 0. 0. 0. 0.]
  [0. 0. 0. 0. 0. 0.]]]",0,11,0,2,0,-0.36363636363636365,68,-7
99,99,-1,"[[[0. 0. 0. 0. 0. 0.]
  [0. 0. 0. 0. 0. 0.]
  [0. 0. 0. 0. 0. 0.]
  [1. 0. 0. 1. 1. 0.]
  [0. 0. 0. 1. 0. 0.]
  [1. 1. 1. 1. 1. 1.]]

 [[1. 1. 1. 1. 1. 1.]
  [0. 0. 0. 1. 1. 1.]
  [0. 0. 0. 1. 0. 0.]
  [0. 1. 0. 0. 0. 0.]
  [0. 0. 0. 0. 0. 0.]
  [0. 0. 0. 0. 0. 0.]]

 [[1. 1. 1. 1. 1. 1.]
  [1. 1. 1. 1. 1. 1.]
  [1. 1. 1. 1. 1. 1.]
  [1. 1. 1. 1. 1. 1.]
  [1. 1. 1. 1. 1. 1.]
  [1. 1. 1. 1. 1. 1.]]]",0,10,-1,2,-1,-0.3,69,-5
100,100,1,"[[[0. 0. 0. 0. 0. 0.]
  [0. 0. 0. 0. 0. 0.]
  [0. 0. 0. 0. 0. 0.]
  [1. 0. 0. 1. 1. 0.]
  [0. 0. 0. 1. 1. 0.]
  [1. 1. 1. 1. 0. 1.]]

 [[1. 1. 1. 1. 1. 1.]
  [0. 0. 0. 1. 1. 1.]
  [0. 0. 0. 1. 0. 0.]
  [0. 1. 0. 0. 0. 0.]
  [0. 0. 0. 0. 0. 0.]
  [0. 0. 0. 0. 0. 0.]]

 [[0. 0. 0. 0. 0. 0.]
  [0. 0. 0. 0. 0. 0.]
  [0. 0. 0. 0. 0. 0.]
  [0. 0. 0. 0. 0. 0.]
  [0. 0. 0. 0. 0. 0.]
  [0. 0. 0. 0. 0. 0.]]]",0,11,1,3,1,-0.7727272727272727,74,17
101,101,-1,"[[[0. 0. 0. 0. 0. 0.]
  [0. 0. 0. 0. 0. 0.]
  [0. 0. 0. 0. 0. 0.]
  [1. 0. 0. 1. 1. 0.]
  [0. 0. 0. 1. 1. 0.]
  [1. 1. 1. 1. 0. 1.]]

 [[1. 1. 1. 1. 1. 1.]
  [0. 0. 0. 0. 1. 1.]
  [0. 0. 0. 1. 1. 0.]
  [0. 1. 0. 0. 0. 0.]
  [0. 0. 0. 0. 0. 0.]
  [0. 0. 0. 0. 0. 0.]]

 [[1. 1. 1. 1. 1. 1.]
  [1. 1. 1. 1. 1. 1.]
  [1. 1. 1. 1. 1. 1.]
  [1. 1. 1. 1. 1. 1.]
  [1. 1. 1. 1. 1. 1.]
  [1. 1. 1. 1. 1. 1.]]]",0,10,-1,2,-1,-0.2,57,-20
102,102,1,"[[[0. 0. 0. 0. 0. 0.]
  [0. 0. 0. 0. 0. 0.]
  [0. 0. 0. 0. 0. 0.]
  [1. 0. 0. 1. 1. 0.]
  [0. 0. 1. 1. 1. 0.]
  [1. 1. 0. 1. 0. 1.]]

 [[1. 1. 1. 1. 1. 1.]
  [0. 0. 0. 0. 1. 1.]
  [0. 0. 0. 1. 1. 0.]
  [0. 1. 0. 0. 0. 0.]
  [0. 0. 0. 0. 0. 0.]
  [0. 0. 0. 0. 0. 0.]]

 [[0. 0. 0. 0. 0. 0.]
  [0. 0. 0. 0. 0. 0.]
  [0. 0. 0. 0. 0. 0.]
  [0. 0. 0. 0. 0. 0.]
  [0. 0. 0. 0. 0. 0.]
  [0. 0. 0. 0. 0. 0.]]]",0,11,1,3,1,-0.6818181818181818,77,22
103,103,-1,"[[[0. 0. 0. 0. 0. 0.]
  [0. 0. 0. 0. 0. 0.]
  [0. 0. 0. 0. 0. 0.]
  [1. 0. 0. 1. 0. 0.]
  [0. 0. 1. 1. 1. 0.]
  [1. 1. 0. 1. 0. 1.]]

 [[1. 1. 1. 1. 1. 1.]
  [0. 0. 0. 0. 1. 1.]
  [0. 0. 0. 0. 1. 0.]
  [0. 1. 0. 0. 1. 0.]
  [0. 0. 0. 0. 0. 0.]
  [0. 0. 0. 0. 0. 0.]]

 [[1. 1. 1. 1. 1. 1.]
  [1. 1. 1. 1. 1. 1.]
  [1. 1. 1. 1. 1. 1.]
  [1. 1. 1. 1. 1. 1.]
  [1. 1. 1. 1. 1. 1.]
  [1. 1. 1. 1. 1. 1.]]]",0,9,-2,2,-1,-0.2222222222222222,49,-32
104,104,1,"[[[0. 0. 0. 0. 0. 0.]
  [0. 0. 0. 0. 0. 0.]
  [0. 0. 0. 0. 0. 0.]
  [1. 0. 0. 1. 0. 0.]
  [0. 0. 1. 1. 1. 1.]
  [1. 1. 0. 1. 0. 0.]]

 [[1. 1. 1. 1. 1. 1.]
  [0. 0. 0. 0. 1. 1.]
  [0. 0. 0. 0. 1. 0.]
  [0. 1. 0. 0. 1. 0.]
  [0. 0. 0. 0. 0. 0.]
  [0. 0. 0. 0. 0. 0.]]

 [[0. 0. 0. 0. 0. 0.]
  [0. 0. 0. 0. 0. 0.]
  [0. 0. 0. 0. 0. 0.]
  [0. 0. 0. 0. 0. 0.]
  [0. 0. 0. 0. 0. 0.]
  [0. 0. 0. 0. 0. 0.]]]",0,11,2,3,1,-0.5909090909090909,81,35
105,105,-1,"[[[0. 0. 0. 0. 0. 0.]
  [0. 0. 0. 0. 0. 0.]
  [0. 0. 0. 0. 0. 0.]
  [1. 0. 0. 1. 0. 0.]
  [0. 0. 1. 1. 1. 1.]
  [1. 1. 0. 1. 0. 0.]]

 [[1. 1. 0. 1. 1. 1.]
  [0. 0. 1. 0. 1. 1.]
  [0. 0. 0. 0. 1. 0.]
  [0. 1. 0. 0. 1. 0.]
  [0. 0. 0. 0. 0. 0.]
  [0. 0. 0. 0. 0. 0.]]

 [[1. 1. 1. 1. 1. 1.]
  [1. 1. 1. 1. 1. 1.]
  [1. 1. 1. 1. 1. 1.]
  [1. 1. 1. 1. 1. 1.]
  [1. 1. 1. 1. 1. 1.]
  [1. 1. 1. 1. 1. 1.]]]",0,9,-2,2,-1,-0.1111111111111111,46,-33
106,106,1,"[[[0. 0. 0. 0. 0. 0.]
  [0. 0. 0. 0. 0. 0.]
  [0. 0. 0. 1. 0. 0.]
  [1. 0. 0. 0. 0. 0.]
  [0. 0. 1. 1. 1. 1.]
  [1. 1. 0. 1. 0. 0.]]

 [[1. 1. 0. 1. 1. 1.]
  [0. 0. 1. 0. 1. 1.]
  [0. 0. 0. 0. 1. 0.]
  [0. 1. 0. 0. 1. 0.]
  [0. 0. 0. 0. 0. 0.]
  [0. 0. 0. 0. 0. 0.]]

 [[0. 0. 0. 0. 0. 0.]
  [0. 0. 0. 0. 0. 0.]
  [0. 0. 0. 0. 0. 0.]
  [0. 0. 0. 0. 0. 0.]
  [0. 0. 0. 0. 0. 0.]
  [0. 0. 0. 0. 0. 0.]]]",0,11,2,3,0,-0.5,79,29
107,107,-1,"[[[0. 0. 0. 0. 0. 0.]
  [0. 0. 0. 0. 0. 0.]
  [0. 0. 0. 1. 0. 0.]
  [1. 0. 0. 0. 0. 0.]
  [0. 0. 1. 1. 1. 1.]
  [1. 1. 0. 1. 0. 0.]]

 [[1. 1. 0. 1. 0. 1.]
  [0. 0. 1. 1. 1. 1.]
  [0. 0. 0. 0. 1. 0.]
  [0. 1. 0. 0. 1. 0.]
  [0. 0. 0. 0. 0. 0.]
  [0. 0. 0. 0. 0. 0.]]

 [[1. 1. 1. 1. 1. 1.]
  [1. 1. 1. 1. 1. 1.]
  [1. 1. 1. 1. 1. 1.]
  [1. 1. 1. 1. 1. 1.]
  [1. 1. 1. 1. 1. 1.]
  [1. 1. 1. 1. 1. 1.]]]",0,9,-2,3,0,-0.5,50,-17
108,108,1,"[[[0. 0. 0. 0. 0. 0.]
  [0. 0. 0. 0. 0. 0.]
  [0. 1. 0. 1. 0. 0.]
  [0. 0. 0. 0. 0. 0.]
  [0. 0. 1. 1. 1. 1.]
  [1. 1. 0. 1. 0. 0.]]

 [[1. 1. 0. 1. 0. 1.]
  [0. 0. 1. 1. 1. 1.]
  [0. 0. 0. 0. 1. 0.]
  [0. 1. 0. 0. 1. 0.]
  [0. 0. 0. 0. 0. 0.]
  [0. 0. 0. 0. 0. 0.]]

 [[0. 0. 0. 0. 0. 0.]
  [0. 0. 0. 0. 0. 0.]
  [0. 0. 0. 0. 0. 0.]
  [0. 0. 0. 0. 0. 0.]
  [0. 0. 0. 0. 0. 0.]
  [0. 0. 0. 0. 0. 0.]]]",0,11,2,3,0,-0.4090909090909091,67,11
109,109,-1,"[[[0. 0. 0. 0. 0. 0.]
  [0. 0. 0. 0. 0. 0.]
  [0. 1. 0. 1. 0. 0.]
  [0. 0. 0. 0. 0. 0.]
  [0. 0. 1. 1. 1. 1.]
  [1. 1. 0. 1. 0. 0.]]

 [[1. 1. 0. 1. 0. 1.]
  [0. 0. 1. 1. 1. 1.]
  [0. 0. 0. 0. 1. 0.]
  [0. 0. 0. 0. 1. 0.]
  [1. 0. 0. 0. 0. 0.]
  [0. 0. 0. 0. 0. 0.]]

 [[1. 1. 1. 1. 1. 1.]
  [1. 1. 1. 1. 1. 1.]
  [1. 1. 1. 1. 1. 1.]
  [1. 1. 1. 1. 1. 1.]
  [1. 1. 1. 1. 1. 1.]
  [1. 1. 1. 1. 1. 1.]]]",0,9,-2,3,-1,-0.3888888888888889,56,-8
110,110,1,"[[[0. 0. 0. 0. 0. 0.]
  [0. 0. 0. 0. 0. 0.]
  [0. 1. 0. 1. 0. 0.]
  [0. 0. 0. 1. 0. 0.]
  [0. 0. 1. 1. 0. 1.]
  [1. 1. 0. 1. 0. 0.]]

 [[1. 1. 0. 1. 0. 1.]
  [0. 0. 1. 1. 1. 1.]
  [0. 0. 0. 0. 1. 0.]
  [0. 0. 0. 0. 1. 0.]
  [1. 0. 0. 0. 0. 0.]
  [0. 0. 0. 0. 0. 0.]]

 [[0. 0. 0. 0. 0. 0.]
  [0. 0. 0. 0. 0. 0.]
  [0. 0. 0. 0. 0. 0.]
  [0. 0. 0. 0. 0. 0.]
  [0. 0. 0. 0. 0. 0.]
  [0. 0. 0. 0. 0. 0.]]]",0,11,2,4,1,-0.8181818181818182,64,5
111,111,-1,"[[[0. 0. 0. 0. 0. 0.]
  [0. 0. 0. 0. 0. 0.]
  [0. 1. 0. 0. 0. 0.]
  [0. 0. 0. 1. 0. 0.]
  [0. 0. 1. 1. 0. 1.]
  [1. 1. 0. 1. 0. 0.]]

 [[1. 1. 0. 1. 0. 1.]
  [0. 0. 0. 1. 1. 1.]
  [0. 0. 0. 1. 1. 0.]
  [0. 0. 0. 0. 1. 0.]
  [1. 0. 0. 0. 0. 0.]
  [0. 0. 0. 0. 0. 0.]]

 [[1. 1. 1. 1. 1. 1.]
  [1. 1. 1. 1. 1. 1.]
  [1. 1. 1. 1. 1. 1.]
  [1. 1. 1. 1. 1. 1.]
  [1. 1. 1. 1. 1. 1.]
  [1. 1. 1. 1. 1. 1.]]]",0,8,-3,3,-1,-0.5,49,-18
112,112,1,"[[[0. 0. 0. 0. 0. 0.]
  [0. 0. 0. 0. 0. 0.]
  [0. 1. 0. 0. 0. 0.]
  [0. 1. 0. 1. 0. 0.]
  [0. 0. 0. 1. 0. 1.]
  [1. 1. 0. 1. 0. 0.]]

 [[1. 1. 0. 1. 0. 1.]
  [0. 0. 0. 1. 1. 1.]
  [0. 0. 0. 1. 1. 0.]
  [0. 0. 0. 0. 1. 0.]
  [1. 0. 0. 0. 0. 0.]
  [0. 0. 0. 0. 0. 0.]]

 [[0. 0. 0. 0. 0. 0.]
  [0. 0. 0. 0. 0. 0.]
  [0. 0. 0. 0. 0. 0.]
  [0. 0. 0. 0. 0. 0.]
  [0. 0. 0. 0. 0. 0.]
  [0. 0. 0. 0. 0. 0.]]]",0,11,3,4,1,-0.7272727272727273,67,15
113,113,-1,"[[[0. 0. 0. 0. 0. 0.]
  [0. 0. 0. 0. 0. 0.]
  [0. 1. 0. 0. 0. 0.]
  [0. 1. 0. 1. 0. 0.]
  [0. 0. 0. 1. 0. 1.]
  [1. 0. 0. 1. 0. 0.]]

 [[1. 1. 0. 1. 0. 1.]
  [0. 0. 0. 1. 1. 1.]
  [0. 0. 0. 1. 1. 0.]
  [0. 0. 0. 0. 1. 0.]
  [0. 0. 0. 0. 0. 0.]
  [0. 1. 0. 0. 0. 0.]]

 [[1. 1. 1. 1. 1. 1.]
  [1. 1. 1. 1. 1. 1.]
  [1. 1. 1. 1. 1. 1.]
  [1. 1. 1. 1. 1. 1.]
  [1. 1. 1. 1. 1. 1.]
  [1. 1. 1. 1. 1. 1.]]]",1,7,-4,0,-2,-0.21428571428571427,37,-38
114,114,1,"[[[0. 0. 0. 0. 0. 0.]
  [0. 0. 0. 0. 0. 0.]
  [0. 0. 0. 0. 0. 0.]
  [0. 0. 1. 0. 0. 0.]
  [1. 1. 0. 1. 1. 1.]
  [1. 1. 1. 1. 1. 1.]]

 [[1. 1. 1. 1. 1. 1.]
  [1. 1. 1. 1. 1. 1.]
  [0. 0. 0. 0. 0. 0.]
  [0. 0. 0. 0. 0. 0.]
  [0. 0. 0. 0. 0. 0.]
  [0. 0. 0. 0. 0. 0.]]

 [[0. 0. 0. 0. 0. 0.]
  [0. 0. 0. 0. 0. 0.]
  [0. 0. 0. 0. 0. 0.]
  [0. 0. 0. 0. 0. 0.]
  [0. 0. 0. 0. 0. 0.]
  [0. 0. 0. 0. 0. 0.]]]",0,12,0,1,-1,0.0,66,-3
115,115,-1,"[[[0. 0. 0. 0. 0. 0.]
  [0. 0. 0. 0. 0. 0.]
  [0. 0. 0. 0. 0. 0.]
  [0. 0. 1. 0. 0. 0.]
  [1. 1. 0. 1. 1. 1.]
  [1. 1. 1. 1. 1. 1.]]

 [[1. 1. 1. 1. 1. 1.]
  [1. 1. 1. 0. 1. 1.]
  [0. 0. 0. 0. 1. 0.]
  [0. 0. 0. 0. 0. 0.]
  [0. 0. 0. 0. 0. 0.]
  [0. 0. 0. 0. 0. 0.]]

 [[1. 1. 1. 1. 1. 1.]
  [1. 1. 1. 1. 1. 1.]
  [1. 1. 1. 1. 1. 1.]
  [1. 1. 1. 1. 1. 1.]
  [1. 1. 1. 1. 1. 1.]
  [1. 1. 1. 1. 1. 1.]]]",0,12,0,2,0,-0.4166666666666667,69,0
116,116,1,"[[[0. 0. 0. 0. 0. 0.]
  [0. 0. 0. 0. 0. 0.]
  [0. 0. 0. 0. 0. 0.]
  [0. 0. 1. 0. 1. 0.]
  [1. 1. 0. 1. 0. 1.]
  [1. 1. 1. 1. 1. 1.]]

 [[1. 1. 1. 1. 1. 1.]
  [1. 1. 1. 0. 1. 1.]
  [0. 0. 0. 0. 1. 0.]
  [0. 0. 0. 0. 0. 0.]
  [0. 0. 0. 0. 0. 0.]
  [0. 0. 0. 0. 0. 0.]]

 [[0. 0. 0. 0. 0. 0.]
  [0. 0. 0. 0. 0. 0.]
  [0. 0. 0. 0. 0. 0.]
  [0. 0. 0. 0. 0. 0.]
  [0. 0. 0. 0. 0. 0.]
  [0. 0. 0. 0. 0. 0.]]]",0,12,0,2,0,-0.4166666666666667,69,-3
117,117,-1,"[[[0. 0. 0. 0. 0. 0.]
  [0. 0. 0. 0. 0. 0.]
  [0. 0. 0. 0. 0. 0.]
  [0. 0. 1. 0. 1. 0.]
  [1. 1. 0. 1. 0. 1.]
  [1. 1. 1. 1. 1. 1.]]

 [[1. 1. 1. 1. 1. 1.]
  [1. 1. 1. 0. 1. 1.]
  [0. 0. 0. 0. 0. 0.]
  [0. 0. 0. 1. 0. 0.]
  [0. 0. 0. 0. 0. 0.]
  [0. 0. 0. 0. 0. 0.]]

 [[1. 1. 1. 1. 1. 1.]
  [1. 1. 1. 1. 1. 1.]
  [1. 1. 1. 1. 1. 1.]
  [1. 1. 1. 1. 1. 1.]
  [1. 1. 1. 1. 1. 1.]
  [1. 1. 1. 1. 1. 1.]]]",0,12,0,2,-1,-0.3333333333333333,72,-1
118,118,1,"[[[0. 0. 0. 0. 0. 0.]
  [0. 0. 0. 0. 0. 0.]
  [0. 0. 0. 1. 0. 0.]
  [0. 0. 0. 0. 1. 0.]
  [1. 1. 0. 1. 0. 1.]
  [1. 1. 1. 1. 1. 1.]]

 [[1. 1. 1. 1. 1. 1.]
  [1. 1. 1. 0. 1. 1.]
  [0. 0. 0. 0. 0. 0.]
  [0. 0. 0. 1. 0. 0.]
  [0. 0. 0. 0. 0. 0.]
  [0. 0. 0. 0. 0. 0.]]

 [[0. 0. 0. 0. 0. 0.]
  [0. 0. 0. 0. 0. 0.]
  [0. 0. 0. 0. 0. 0.]
  [0. 0. 0. 0. 0. 0.]
  [0. 0. 0. 0. 0. 0.]
  [0. 0. 0. 0. 0. 0.]]]",0,12,0,3,0,-0.8333333333333334,73,-3
119,119,-1,"[[[0. 0. 0. 0. 0. 0.]
  [0. 0. 0. 0. 0. 0.]
  [0. 0. 0. 1. 0. 0.]
  [0. 0. 0. 0. 1. 0.]
  [1. 1. 0. 1. 0. 1.]
  [1. 1. 1. 1. 1. 1.]]

 [[1. 1. 1. 1. 1. 1.]
  [1. 1. 0. 0. 1. 1.]
  [0. 0. 1. 0. 0. 0.]
  [0. 0. 0. 1. 0. 0.]
  [0. 0. 0. 0. 0. 0.]
  [0. 0. 0. 0. 0. 0.]]

 [[1. 1. 1. 1. 1. 1.]
  [1. 1. 1. 1. 1. 1.]
  [1. 1. 1. 1. 1. 1.]
  [1. 1. 1. 1. 1. 1.]
  [1. 1. 1. 1. 1. 1.]
  [1. 1. 1. 1. 1. 1.]]]",0,12,0,3,0,-0.75,76,0
120,120,1,"[[[0. 0. 0. 0. 0. 0.]
  [0. 0. 0. 1. 0. 0.]
  [0. 0. 0. 0. 0. 0.]
  [0. 0. 0. 0. 1. 0.]
  [1. 1. 0. 1. 0. 1.]
  [1. 1. 1. 1. 1. 1.]]

 [[1. 1. 1. 1. 1. 1.]
  [1. 1. 0. 0. 1. 1.]
  [0. 0. 1. 0. 0. 0.]
  [0. 0. 0. 1. 0. 0.]
  [0. 0. 0. 0. 0. 0.]
  [0. 0. 0. 0. 0. 0.]]

 [[0. 0. 0. 0. 0. 0.]
  [0. 0. 0. 0. 0. 0.]
  [0. 0. 0. 0. 0. 0.]
  [0. 0. 0. 0. 0. 0.]
  [0. 0. 0. 0. 0. 0.]
  [0. 0. 0. 0. 0. 0.]]]",0,12,0,3,-1,-0.75,76,0
121,121,-1,"[[[0. 0. 0. 0. 0. 0.]
  [0. 0. 0. 1. 0. 0.]
  [0. 0. 0. 0. 0. 0.]
  [0. 0. 0. 0. 1. 0.]
  [1. 1. 0. 1. 0. 1.]
  [1. 1. 1. 1. 1. 1.]]

 [[1. 1. 1. 1. 1. 1.]
  [1. 0. 0. 0. 1. 1.]
  [0. 1. 1. 0. 0. 0.]
  [0. 0. 0. 1. 0. 0.]
  [0. 0. 0. 0. 0. 0.]
  [0. 0. 0. 0. 0. 0.]]

 [[1. 1. 1. 1. 1. 1.]
  [1. 1. 1. 1. 1. 1.]
  [1. 1. 1. 1. 1. 1.]
  [1. 1. 1. 1. 1. 1.]
  [1. 1. 1. 1. 1. 1.]
  [1. 1. 1. 1. 1. 1.]]]",0,12,0,4,1,-1.1666666666666667,76,-3
122,122,1,"[[[0. 0. 0. 0. 1. 0.]
  [0. 0. 0. 0. 0. 0.]
  [0. 0. 0. 0. 0. 0.]
  [0. 0. 0. 0. 1. 0.]
  [1. 1. 0. 1. 0. 1.]
  [1. 1. 1. 1. 1. 1.]]

 [[1. 1. 1. 1. 0. 1.]
  [1. 0. 0. 0. 1. 1.]
  [0. 1. 1. 0. 0. 0.]
  [0. 0. 0. 1. 0. 0.]
  [0. 0. 0. 0. 0. 0.]
  [0. 0. 0. 0. 0. 0.]]

 [[0. 0. 0. 0. 0. 0.]
  [0. 0. 0. 0. 0. 0.]
  [0. 0. 0. 0. 0. 0.]
  [0. 0. 0. 0. 0. 0.]
  [0. 0. 0. 0. 0. 0.]
  [0. 0. 0. 0. 0. 0.]]]",1,11,-1,0,-2,-0.5909090909090909,64,-17
123,123,-1,"[[[0. 0. 0. 0. 0. 0.]
  [0. 0. 0. 0. 0. 0.]
  [0. 0. 0. 0. 0. 0.]
  [0. 1. 0. 0. 0. 0.]
  [1. 0. 1. 1. 1. 1.]
  [1. 1. 1. 1. 1. 1.]]

 [[1. 1. 1. 1. 1. 1.]
  [1. 0. 1. 1. 1. 1.]
  [0. 1. 0. 0. 0. 0.]
  [0. 0. 0. 0. 0. 0.]
  [0. 0. 0. 0. 0. 0.]
  [0. 0. 0. 0. 0. 0.]]

 [[1. 1. 1. 1. 1. 1.]
  [1. 1. 1. 1. 1. 1.]
  [1. 1. 1. 1. 1. 1.]
  [1. 1. 1. 1. 1. 1.]
  [1. 1. 1. 1. 1. 1.]
  [1. 1. 1. 1. 1. 1.]]]",0,12,0,2,0,-0.4166666666666667,69,0
124,124,1,"[[[0. 0. 0. 0. 0. 0.]
  [0. 0. 0. 0. 0. 0.]
  [1. 0. 0. 0. 0. 0.]
  [0. 0. 0. 0. 0. 0.]
  [1. 0. 1. 1. 1. 1.]
  [1. 1. 1. 1. 1. 1.]]

 [[1. 1. 1. 1. 1. 1.]
  [1. 0. 1. 1. 1. 1.]
  [0. 1. 0. 0. 0. 0.]
  [0. 0. 0. 0. 0. 0.]
  [0. 0. 0. 0. 0. 0.]
  [0. 0. 0. 0. 0. 0.]]

 [[0. 0. 0. 0. 0. 0.]
  [0. 0. 0. 0. 0. 0.]
  [0. 0. 0. 0. 0. 0.]
  [0. 0. 0. 0. 0. 0.]
  [0. 0. 0. 0. 0. 0.]
  [0. 0. 0. 0. 0. 0.]]]",0,12,0,2,-1,-0.4166666666666667,69,-1
125,125,-1,"[[[0. 0. 0. 0. 0. 0.]
  [0. 0. 0. 0. 0. 0.]
  [1. 0. 0. 0. 0. 0.]
  [0. 0. 0. 0. 0. 0.]
  [1. 0. 1. 1. 1. 1.]
  [1. 1. 1. 1. 1. 1.]]

 [[1. 1. 1. 1. 1. 1.]
  [1. 0. 1. 1. 1. 0.]
  [0. 1. 0. 0. 1. 0.]
  [0. 0. 0. 0. 0. 0.]
  [0. 0. 0. 0. 0. 0.]
  [0. 0. 0. 0. 0. 0.]]

 [[1. 1. 1. 1. 1. 1.]
  [1. 1. 1. 1. 1. 1.]
  [1. 1. 1. 1. 1. 1.]
  [1. 1. 1. 1. 1. 1.]
  [1. 1. 1. 1. 1. 1.]
  [1. 1. 1. 1. 1. 1.]]]",0,12,0,3,1,-0.8333333333333334,70,-3
126,126,1,"[[[0. 0. 0. 0. 0. 0.]
  [0. 0. 0. 0. 0. 0.]
  [1. 0. 0. 0. 0. 0.]
  [0. 1. 0. 0. 0. 0.]
  [1. 0. 0. 1. 1. 1.]
  [1. 1. 1. 1. 1. 1.]]

 [[1. 1. 1. 1. 1. 1.]
  [1. 0. 1. 1. 1. 0.]
  [0. 1. 0. 0. 1. 0.]
  [0. 0. 0. 0. 0. 0.]
  [0. 0. 0. 0. 0. 0.]
  [0. 0. 0. 0. 0. 0.]]

 [[0. 0. 0. 0. 0. 0.]
  [0. 0. 0. 0. 0. 0.]
  [0. 0. 0. 0. 0. 0.]
  [0. 0. 0. 0. 0. 0.]
  [0. 0. 0. 0. 0. 0.]
  [0. 0. 0. 0. 0. 0.]]]",0,12,0,2,-1,-0.3333333333333333,73,0
127,127,-1,"[[[0. 0. 0. 0. 0. 0.]
  [0. 0. 0. 0. 0. 0.]
  [1. 0. 0. 0. 0. 0.]
  [0. 1. 0. 0. 0. 0.]
  [1. 0. 0. 1. 1. 1.]
  [1. 1. 1. 1. 1. 1.]]

 [[1. 1. 1. 1. 1. 1.]
  [1. 0. 1. 1. 1. 0.]
  [0. 1. 0. 0. 0. 0.]
  [0. 0. 0. 1. 0. 0.]
  [0. 0. 0. 0. 0. 0.]
  [0. 0. 0. 0. 0. 0.]]

 [[1. 1. 1. 1. 1. 1.]
  [1. 1. 1. 1. 1. 1.]
  [1. 1. 1. 1. 1. 1.]
  [1. 1. 1. 1. 1. 1.]
  [1. 1. 1. 1. 1. 1.]
  [1. 1. 1. 1. 1. 1.]]]",0,12,0,3,0,-0.75,73,-4
128,128,1,"[[[0. 0. 0. 0. 0. 0.]
  [0. 0. 0. 0. 0. 0.]
  [1. 0. 0. 0. 0. 0.]
  [0. 1. 0. 1. 0. 0.]
  [1. 0. 0. 1. 0. 1.]
  [1. 1. 1. 1. 1. 1.]]

 [[1. 1. 1. 1. 1. 1.]
  [1. 0. 1. 1. 1. 0.]
  [0. 1. 0. 0. 0. 0.]
  [0. 0. 0. 0. 0. 0.]
  [0. 0. 0. 0. 0. 0.]
  [0. 0. 0. 0. 0. 0.]]

 [[0. 0. 0. 0. 0. 0.]
  [0. 0. 0. 0. 0. 0.]
  [0. 0. 0. 0. 0. 0.]
  [0. 0. 0. 0. 0. 0.]
  [0. 0. 0. 0. 0. 0.]
  [0. 0. 0. 0. 0. 0.]]]",0,11,-1,2,-1,-0.45454545454545453,67,-9
129,129,-1,"[[[0. 0. 0. 0. 0. 0.]
  [0. 0. 0. 0. 0. 0.]
  [1. 0. 0. 0. 0. 0.]
  [0. 1. 0. 1. 0. 0.]
  [1. 0. 0. 1. 0. 1.]
  [1. 1. 1. 1. 1. 1.]]

 [[1. 1. 0. 1. 1. 1.]
  [1. 1. 1. 1. 1. 0.]
  [0. 1. 0. 0. 0. 0.]
  [0. 0. 0. 0. 0. 0.]
  [0. 0. 0. 0. 0. 0.]
  [0. 0. 0. 0. 0. 0.]]

 [[1. 1. 1. 1. 1. 1.]
  [1. 1. 1. 1. 1. 1.]
  [1. 1. 1. 1. 1. 1.]
  [1. 1. 1. 1. 1. 1.]
  [1. 1. 1. 1. 1. 1.]
  [1. 1. 1. 1. 1. 1.]]]",0,12,1,3,1,-0.6666666666666666,76,11
130,130,1,"[[[0. 0. 0. 0. 0. 0.]
  [0. 0. 0. 0. 0. 0.]
  [1. 0. 0. 1. 0. 0.]
  [0. 1. 0. 0. 0. 0.]
  [1. 0. 0. 1. 0. 1.]
  [1. 1. 1. 1. 1. 1.]]

 [[1. 1. 0. 1. 1. 1.]
  [1. 1. 1. 1. 1. 0.]
  [0. 1. 0. 0. 0. 0.]
  [0. 0. 0. 0. 0. 0.]
  [0. 0. 0. 0. 0. 0.]
  [0. 0. 0. 0. 0. 0.]]

 [[0. 0. 0. 0. 0. 0.]
  [0. 0. 0. 0. 0. 0.]
  [0. 0. 0. 0. 0. 0.]
  [0. 0. 0. 0. 0. 0.]
  [0. 0. 0. 0. 0. 0.]
  [0. 0. 0. 0. 0. 0.]]]",0,11,-1,2,-1,-0.36363636363636365,65,-15
131,131,-1,"[[[0. 0. 0. 0. 0. 0.]
  [0. 0. 0. 0. 0. 0.]
  [0. 0. 0. 1. 0. 0.]
  [0. 1. 0. 0. 0. 0.]
  [1. 0. 0. 1. 0. 1.]
  [1. 1. 1. 1. 1. 1.]]

 [[1. 1. 0. 1. 1. 1.]
  [1. 0. 1. 1. 1. 0.]
  [1. 1. 0. 0. 0. 0.]
  [0. 0. 0. 0. 0. 0.]
  [0. 0. 0. 0. 0. 0.]
  [0. 0. 0. 0. 0. 0.]]

 [[1. 1. 1. 1. 1. 1.]
  [1. 1. 1. 1. 1. 1.]
  [1. 1. 1. 1. 1. 1.]
  [1. 1. 1. 1. 1. 1.]
  [1. 1. 1. 1. 1. 1.]
  [1. 1. 1. 1. 1. 1.]]]",0,11,0,3,1,-0.7727272727272727,73,7
132,132,1,"[[[0. 0. 0. 0. 0. 0.]
  [0. 0. 0. 0. 0. 0.]
  [0. 0. 0. 1. 0. 0.]
  [0. 1. 0. 0. 0. 0.]
  [1. 0. 1. 1. 0. 1.]
  [1. 0. 1. 1. 1. 1.]]

 [[1. 1. 0. 1. 1. 1.]
  [1. 0. 1. 1. 1. 0.]
  [1. 1. 0. 0. 0. 0.]
  [0. 0. 0. 0. 0. 0.]
  [0. 0. 0. 0. 0. 0.]
  [0. 0. 0. 0. 0. 0.]]

 [[0. 0. 0. 0. 0. 0.]
  [0. 0. 0. 0. 0. 0.]
  [0. 0. 0. 0. 0. 0.]
  [0. 0. 0. 0. 0. 0.]
  [0. 0. 0. 0. 0. 0.]
  [0. 0. 0. 0. 0. 0.]]]",0,11,0,2,-1,-0.2727272727272727,66,5
133,133,-1,"[[[0. 0. 0. 0. 0. 0.]
  [0. 0. 0. 0. 0. 0.]
  [0. 0. 0. 0. 0. 0.]
  [0. 1. 0. 0. 0. 0.]
  [1. 0. 1. 1. 0. 1.]
  [1. 0. 1. 1. 1. 1.]]

 [[1. 1. 0. 1. 1. 1.]
  [1. 0. 1. 1. 0. 0.]
  [1. 1. 0. 1. 0. 0.]
  [0. 0. 0. 0. 0. 0.]
  [0. 0. 0. 0. 0. 0.]
  [0. 0. 0. 0. 0. 0.]]

 [[1. 1. 1. 1. 1. 1.]
  [1. 1. 1. 1. 1. 1.]
  [1. 1. 1. 1. 1. 1.]
  [1. 1. 1. 1. 1. 1.]
  [1. 1. 1. 1. 1. 1.]
  [1. 1. 1. 1. 1. 1.]]]",0,10,-1,2,0,-0.4,51,-18
134,134,1,"[[[0. 0. 0. 0. 0. 0.]
  [0. 0. 0. 0. 0. 0.]
  [0. 0. 0. 0. 0. 0.]
  [0. 1. 0. 1. 0. 0.]
  [1. 0. 1. 0. 0. 1.]
  [1. 0. 1. 1. 1. 1.]]

 [[1. 1. 0. 1. 1. 1.]
  [1. 0. 1. 1. 0. 0.]
  [1. 1. 0. 1. 0. 0.]
  [0. 0. 0. 0. 0. 0.]
  [0. 0. 0. 0. 0. 0.]
  [0. 0. 0. 0. 0. 0.]]

 [[0. 0. 0. 0. 0. 0.]
  [0. 0. 0. 0. 0. 0.]
  [0. 0. 0. 0. 0. 0.]
  [0. 0. 0. 0. 0. 0.]
  [0. 0. 0. 0. 0. 0.]
  [0. 0. 0. 0. 0. 0.]]]",0,11,1,2,0,-0.18181818181818182,69,15
135,135,-1,"[[[0. 0. 0. 0. 0. 0.]
  [0. 0. 0. 0. 0. 0.]
  [0. 0. 0. 0. 0. 0.]
  [0. 1. 0. 1. 0. 0.]
  [1. 0. 1. 0. 0. 1.]
  [1. 0. 1. 1. 1. 1.]]

 [[1. 1. 0. 1. 1. 0.]
  [1. 0. 1. 1. 0. 1.]
  [1. 1. 0. 1. 0. 0.]
  [0. 0. 0. 0. 0. 0.]
  [0. 0. 0. 0. 0. 0.]
  [0. 0. 0. 0. 0. 0.]]

 [[1. 1. 1. 1. 1. 1.]
  [1. 1. 1. 1. 1. 1.]
  [1. 1. 1. 1. 1. 1.]
  [1. 1. 1. 1. 1. 1.]
  [1. 1. 1. 1. 1. 1.]
  [1. 1. 1. 1. 1. 1.]]]",0,10,-1,2,0,-0.3,54,-12
136,136,1,"[[[0. 0. 0. 0. 0. 0.]
  [0. 0. 0. 0. 0. 0.]
  [0. 0. 0. 0. 0. 0.]
  [0. 1. 0. 1. 0. 0.]
  [1. 0. 1. 1. 0. 1.]
  [1. 0. 0. 1. 1. 1.]]

 [[1. 1. 0. 1. 1. 0.]
  [1. 0. 1. 1. 0. 1.]
  [1. 1. 0. 1. 0. 0.]
  [0. 0. 0. 0. 0. 0.]
  [0. 0. 0. 0. 0. 0.]
  [0. 0. 0. 0. 0. 0.]]

 [[0. 0. 0. 0. 0. 0.]
  [0. 0. 0. 0. 0. 0.]
  [0. 0. 0. 0. 0. 0.]
  [0. 0. 0. 0. 0. 0.]
  [0. 0. 0. 0. 0. 0.]
  [0. 0. 0. 0. 0. 0.]]]",0,11,1,2,0,-0.09090909090909091,66,14
137,137,-1,"[[[0. 0. 0. 0. 0. 0.]
  [0. 0. 0. 0. 0. 0.]
  [0. 0. 0. 0. 0. 0.]
  [0. 1. 0. 1. 0. 0.]
  [1. 0. 1. 1. 0. 1.]
  [1. 0. 0. 1. 1. 1.]]

 [[1. 1. 0. 1. 1. 0.]
  [1. 0. 0. 1. 0. 1.]
  [1. 1. 1. 1. 0. 0.]
  [0. 0. 0. 0. 0. 0.]
  [0. 0. 0. 0. 0. 0.]
  [0. 0. 0. 0. 0. 0.]]

 [[1. 1. 1. 1. 1. 1.]
  [1. 1. 1. 1. 1. 1.]
  [1. 1. 1. 1. 1. 1.]
  [1. 1. 1. 1. 1. 1.]
  [1. 1. 1. 1. 1. 1.]
  [1. 1. 1. 1. 1. 1.]]]",0,10,-1,2,0,-0.2,52,-17
138,138,1,"[[[0. 0. 0. 0. 0. 0.]
  [0. 0. 0. 0. 0. 0.]
  [0. 0. 0. 0. 0. 0.]
  [0. 1. 0. 1. 1. 0.]
  [1. 0. 1. 1. 0. 0.]
  [1. 0. 0. 1. 1. 1.]]

 [[1. 1. 0. 1. 1. 0.]
  [1. 0. 0. 1. 0. 1.]
  [1. 1. 1. 1. 0. 0.]
  [0. 0. 0. 0. 0. 0.]
  [0. 0. 0. 0. 0. 0.]
  [0. 0. 0. 0. 0. 0.]]

 [[0. 0. 0. 0. 0. 0.]
  [0. 0. 0. 0. 0. 0.]
  [0. 0. 0. 0. 0. 0.]
  [0. 0. 0. 0. 0. 0.]
  [0. 0. 0. 0. 0. 0.]
  [0. 0. 0. 0. 0. 0.]]]",0,11,1,2,0,0.0,69,13
139,139,-1,"[[[0. 0. 0. 0. 0. 0.]
  [0. 0. 0. 0. 0. 0.]
  [0. 0. 0. 0. 0. 0.]
  [0. 0. 0. 1. 1. 0.]
  [1. 0. 1. 1. 0. 0.]
  [1. 0. 0. 1. 1. 1.]]

 [[1. 1. 0. 1. 1. 0.]
  [1. 0. 0. 1. 0. 1.]
  [0. 1. 1. 1. 0. 0.]
  [0. 1. 0. 0. 0. 0.]
  [0. 0. 0. 0. 0. 0.]
  [0. 0. 0. 0. 0. 0.]]

 [[1. 1. 1. 1. 1. 1.]
  [1. 1. 1. 1. 1. 1.]
  [1. 1. 1. 1. 1. 1.]
  [1. 1. 1. 1. 1. 1.]
  [1. 1. 1. 1. 1. 1.]
  [1. 1. 1. 1. 1. 1.]]]",0,9,-2,2,-1,-0.2222222222222222,50,-25
140,140,1,"[[[0. 0. 0. 0. 0. 0.]
  [0. 0. 0. 0. 0. 0.]
  [0. 0. 0. 0. 0. 0.]
  [0. 1. 0. 1. 1. 0.]
  [0. 0. 1. 1. 0. 0.]
  [1. 0. 0. 1. 1. 1.]]

 [[1. 1. 0. 1. 1. 0.]
  [1. 0. 0. 1. 0. 1.]
  [0. 1. 1. 1. 0. 0.]
  [0. 0. 0. 0. 0. 0.]
  [0. 0. 0. 0. 0. 0.]
  [0. 0. 0. 0. 0. 0.]]

 [[0. 0. 0. 0. 0. 0.]
  [0. 0. 0. 0. 0. 0.]
  [0. 0. 0. 0. 0. 0.]
  [0. 0. 0. 0. 0. 0.]
  [0. 0. 0. 0. 0. 0.]
  [0. 0. 0. 0. 0. 0.]]]",0,10,1,2,0,-0.1,65,11
141,141,-1,"[[[0. 0. 0. 0. 0. 0.]
  [0. 0. 0. 0. 0. 0.]
  [0. 0. 0. 0. 0. 0.]
  [0. 1. 0. 1. 1. 0.]
  [0. 0. 1. 1. 0. 0.]
  [1. 0. 0. 1. 1. 1.]]

 [[1. 1. 0. 1. 0. 0.]
  [1. 0. 0. 1. 1. 1.]
  [0. 1. 1. 1. 0. 0.]
  [0. 0. 0. 0. 0. 0.]
  [0. 0. 0. 0. 0. 0.]
  [0. 0. 0. 0. 0. 0.]]

 [[1. 1. 1. 1. 1. 1.]
  [1. 1. 1. 1. 1. 1.]
  [1. 1. 1. 1. 1. 1.]
  [1. 1. 1. 1. 1. 1.]
  [1. 1. 1. 1. 1. 1.]
  [1. 1. 1. 1. 1. 1.]]]",0,9,-1,2,0,-0.1111111111111111,54,1
142,142,1,"[[[0. 0. 0. 0. 0. 0.]
  [0. 0. 0. 0. 0. 0.]
  [0. 0. 0. 0. 0. 0.]
  [0. 1. 0. 1. 1. 0.]
  [0. 0. 1. 1. 1. 0.]
  [1. 0. 0. 1. 0. 1.]]

 [[1. 1. 0. 1. 0. 0.]
  [1. 0. 0. 1. 1. 1.]
  [0. 1. 1. 1. 0. 0.]
  [0. 0. 0. 0. 0. 0.]
  [0. 0. 0. 0. 0. 0.]
  [0. 0. 0. 0. 0. 0.]]

 [[0. 0. 0. 0. 0. 0.]
  [0. 0. 0. 0. 0. 0.]
  [0. 0. 0. 0. 0. 0.]
  [0. 0. 0. 0. 0. 0.]
  [0. 0. 0. 0. 0. 0.]
  [0. 0. 0. 0. 0. 0.]]]",0,10,1,2,0,0.0,53,11
143,143,-1,"[[[0. 0. 0. 0. 0. 0.]
  [0. 0. 0. 0. 0. 0.]
  [0. 0. 0. 0. 0. 0.]
  [0. 1. 0. 1. 1. 0.]
  [0. 0. 1. 1. 1. 0.]
  [1. 0. 0. 1. 0. 1.]]

 [[1. 1. 0. 1. 0. 0.]
  [1. 0. 0. 0. 1. 1.]
  [0. 1. 1. 1. 1. 0.]
  [0. 0. 0. 0. 0. 0.]
  [0. 0. 0. 0. 0. 0.]
  [0. 0. 0. 0. 0. 0.]]

 [[1. 1. 1. 1. 1. 1.]
  [1. 1. 1. 1. 1. 1.]
  [1. 1. 1. 1. 1. 1.]
  [1. 1. 1. 1. 1. 1.]
  [1. 1. 1. 1. 1. 1.]
  [1. 1. 1. 1. 1. 1.]]]",0,9,-1,2,0,0.0,42,-14
144,144,1,"[[[0. 0. 0. 0. 0. 0.]
  [0. 0. 0. 0. 0. 0.]
  [1. 0. 0. 0. 0. 0.]
  [0. 0. 0. 1. 1. 0.]
  [0. 0. 1. 1. 1. 0.]
  [1. 0. 0. 1. 0. 1.]]

 [[1. 1. 0. 1. 0. 0.]
  [1. 0. 0. 0. 1. 1.]
  [0. 1. 1. 1. 1. 0.]
  [0. 0. 0. 0. 0. 0.]
  [0. 0. 0. 0. 0. 0.]
  [0. 0. 0. 0. 0. 0.]]

 [[0. 0. 0. 0. 0. 0.]
  [0. 0. 0. 0. 0. 0.]
  [0. 0. 0. 0. 0. 0.]
  [0. 0. 0. 0. 0. 0.]
  [0. 0. 0. 0. 0. 0.]
  [0. 0. 0. 0. 0. 0.]]]",0,10,1,2,-1,0.1,56,13
145,145,-1,"[[[0. 0. 0. 0. 0. 0.]
  [0. 0. 0. 0. 0. 0.]
  [1. 0. 0. 0. 0. 0.]
  [0. 0. 0. 1. 1. 0.]
  [0. 0. 1. 1. 1. 0.]
  [1. 0. 0. 1. 0. 1.]]

 [[1. 1. 0. 1. 0. 0.]
  [1. 0. 0. 0. 1. 1.]
  [0. 0. 1. 1. 1. 0.]
  [0. 0. 1. 0. 0. 0.]
  [0. 0. 0. 0. 0. 0.]
  [0. 0. 0. 0. 0. 0.]]

 [[1. 1. 1. 1. 1. 1.]
  [1. 1. 1. 1. 1. 1.]
  [1. 1. 1. 1. 1. 1.]
  [1. 1. 1. 1. 1. 1.]
  [1. 1. 1. 1. 1. 1.]
  [1. 1. 1. 1. 1. 1.]]]",0,9,-1,3,0,-0.3888888888888889,43,-17
146,146,1,"[[[0. 0. 0. 0. 0. 0.]
  [0. 0. 0. 0. 0. 0.]
  [1. 0. 0. 0. 0. 0.]
  [0. 0. 1. 1. 1. 0.]
  [0. 0. 1. 0. 1. 0.]
  [1. 0. 0. 1. 0. 1.]]

 [[1. 1. 0. 1. 0. 0.]
  [1. 0. 0. 0. 1. 1.]
  [0. 0. 1. 1. 1. 0.]
  [0. 0. 0. 0. 0. 0.]
  [0. 0. 0. 0. 0. 0.]
  [0. 0. 0. 0. 0. 0.]]

 [[0. 0. 0. 0. 0. 0.]
  [0. 0. 0. 0. 0. 0.]
  [0. 0. 0. 0. 0. 0.]
  [0. 0. 0. 0. 0. 0.]
  [0. 0. 0. 0. 0. 0.]
  [0. 0. 0. 0. 0. 0.]]]",0,9,0,2,-1,0.0,50,4
147,147,-1,"[[[0. 0. 0. 0. 0. 0.]
  [0. 0. 0. 0. 0. 0.]
  [1. 0. 0. 0. 0. 0.]
  [0. 0. 1. 1. 1. 0.]
  [0. 0. 1. 0. 1. 0.]
  [1. 0. 0. 1. 0. 1.]]

 [[1. 0. 0. 1. 0. 0.]
  [1. 0. 1. 0. 1. 1.]
  [0. 0. 1. 1. 1. 0.]
  [0. 0. 0. 0. 0. 0.]
  [0. 0. 0. 0. 0. 0.]
  [0. 0. 0. 0. 0. 0.]]

 [[1. 1. 1. 1. 1. 1.]
  [1. 1. 1. 1. 1. 1.]
  [1. 1. 1. 1. 1. 1.]
  [1. 1. 1. 1. 1. 1.]
  [1. 1. 1. 1. 1. 1.]
  [1. 1. 1. 1. 1. 1.]]]",0,9,0,3,1,-0.2777777777777778,46,8
148,148,1,"[[[0. 0. 0. 0. 0. 0.]
  [0. 0. 0. 0. 0. 0.]
  [1. 0. 0. 0. 0. 0.]
  [0. 1. 1. 1. 1. 0.]
  [0. 0. 0. 0. 1. 0.]
  [1. 0. 0. 1. 0. 1.]]

 [[1. 0. 0. 1. 0. 0.]
  [1. 0. 1. 0. 1. 1.]
  [0. 0. 1. 1. 1. 0.]
  [0. 0. 0. 0. 0. 0.]
  [0. 0. 0. 0. 0. 0.]
  [0. 0. 0. 0. 0. 0.]]

 [[0. 0. 0. 0. 0. 0.]
  [0. 0. 0. 0. 0. 0.]
  [0. 0. 0. 0. 0. 0.]
  [0. 0. 0. 0. 0. 0.]
  [0. 0. 0. 0. 0. 0.]
  [0. 0. 0. 0. 0. 0.]]]",0,9,0,2,-1,0.1111111111111111,38,-11
149,149,-1,"[[[0. 0. 0. 0. 0. 0.]
  [0. 0. 0. 0. 0. 0.]
  [1. 0. 0. 0. 0. 0.]
  [0. 1. 1. 1. 1. 0.]
  [0. 0. 0. 0. 1. 0.]
  [1. 0. 0. 1. 0. 1.]]

 [[1. 0. 0. 1. 0. 0.]
  [0. 0. 1. 0. 1. 1.]
  [0. 1. 1. 1. 1. 0.]
  [0. 0. 0. 0. 0. 0.]
  [0. 0. 0. 0. 0. 0.]
  [0. 0. 0. 0. 0. 0.]]

 [[1. 1. 1. 1. 1. 1.]
  [1. 1. 1. 1. 1. 1.]
  [1. 1. 1. 1. 1. 1.]
  [1. 1. 1. 1. 1. 1.]
  [1. 1. 1. 1. 1. 1.]
  [1. 1. 1. 1. 1. 1.]]]",0,9,0,3,1,-0.16666666666666666,49,7
150,150,1,"[[[0. 0. 0. 0. 0. 0.]
  [0. 0. 0. 0. 0. 0.]
  [1. 0. 0. 0. 0. 0.]
  [0. 1. 1. 1. 1. 0.]
  [0. 0. 0. 1. 1. 0.]
  [1. 0. 0. 0. 0. 1.]]

 [[1. 0. 0. 1. 0. 0.]
  [0. 0. 1. 0. 1. 1.]
  [0. 1. 1. 1. 1. 0.]
  [0. 0. 0. 0. 0. 0.]
  [0. 0. 0. 0. 0. 0.]
  [0. 0. 0. 0. 0. 0.]]

 [[0. 0. 0. 0. 0. 0.]
  [0. 0. 0. 0. 0. 0.]
  [0. 0. 0. 0. 0. 0.]
  [0. 0. 0. 0. 0. 0.]
  [0. 0. 0. 0. 0. 0.]
  [0. 0. 0. 0. 0. 0.]]]",0,9,0,2,-1,0.2222222222222222,42,-5
151,151,-1,"[[[0. 0. 0. 0. 0. 0.]
  [0. 0. 0. 0. 0. 0.]
  [1. 0. 0. 0. 0. 0.]
  [0. 1. 1. 0. 1. 0.]
  [0. 0. 0. 1. 1. 0.]
  [1. 0. 0. 0. 0. 1.]]

 [[1. 0. 0. 1. 0. 0.]
  [0. 0. 1. 0. 1. 1.]
  [0. 1. 1. 1. 0. 0.]
  [0. 0. 0. 1. 0. 0.]
  [0. 0. 0. 0. 0. 0.]
  [0. 0. 0. 0. 0. 0.]]

 [[1. 1. 1. 1. 1. 1.]
  [1. 1. 1. 1. 1. 1.]
  [1. 1. 1. 1. 1. 1.]
  [1. 1. 1. 1. 1. 1.]
  [1. 1. 1. 1. 1. 1.]
  [1. 1. 1. 1. 1. 1.]]]",0,8,-1,3,0,-0.125,41,-5
152,152,1,"[[[0. 0. 0. 0. 0. 0.]
  [0. 1. 0. 0. 0. 0.]
  [0. 0. 0. 0. 0. 0.]
  [0. 1. 1. 0. 1. 0.]
  [0. 0. 0. 1. 1. 0.]
  [1. 0. 0. 0. 0. 1.]]

 [[1. 0. 0. 1. 0. 0.]
  [0. 0. 1. 0. 1. 1.]
  [0. 1. 1. 1. 0. 0.]
  [0. 0. 0. 1. 0. 0.]
  [0. 0. 0. 0. 0. 0.]
  [0. 0. 0. 0. 0. 0.]]

 [[0. 0. 0. 0. 0. 0.]
  [0. 0. 0. 0. 0. 0.]
  [0. 0. 0. 0. 0. 0.]
  [0. 0. 0. 0. 0. 0.]
  [0. 0. 0. 0. 0. 0.]
  [0. 0. 0. 0. 0. 0.]]]",0,9,1,3,-1,-0.16666666666666666,46,2
153,153,-1,"[[[0. 0. 0. 0. 0. 0.]
  [0. 1. 0. 0. 0. 0.]
  [0. 0. 0. 0. 0. 0.]
  [0. 0. 1. 0. 1. 0.]
  [0. 0. 0. 1. 1. 0.]
  [1. 0. 0. 0. 0. 1.]]

 [[1. 0. 0. 1. 0. 0.]
  [0. 0. 1. 0. 1. 1.]
  [0. 1. 0. 1. 0. 0.]
  [0. 1. 0. 1. 0. 0.]
  [0. 0. 0. 0. 0. 0.]
  [0. 0. 0. 0. 0. 0.]]

 [[1. 1. 1. 1. 1. 1.]
  [1. 1. 1. 1. 1. 1.]
  [1. 1. 1. 1. 1. 1.]
  [1. 1. 1. 1. 1. 1.]
  [1. 1. 1. 1. 1. 1.]
  [1. 1. 1. 1. 1. 1.]]]",0,7,-2,4,1,-0.5714285714285714,38,-12
154,154,1,"[[[0. 0. 0. 0. 0. 0.]
  [0. 1. 0. 0. 0. 0.]
  [0. 0. 0. 0. 0. 0.]
  [0. 0. 1. 0. 1. 0.]
  [0. 1. 0. 1. 1. 0.]
  [0. 0. 0. 0. 0. 1.]]

 [[1. 0. 0. 1. 0. 0.]
  [0. 0. 1. 0. 1. 1.]
  [0. 1. 0. 1. 0. 0.]
  [0. 1. 0. 1. 0. 0.]
  [0. 0. 0. 0. 0. 0.]
  [0. 0. 0. 0. 0. 0.]]

 [[0. 0. 0. 0. 0. 0.]
  [0. 0. 0. 0. 0. 0.]
  [0. 0. 0. 0. 0. 0.]
  [0. 0. 0. 0. 0. 0.]
  [0. 0. 0. 0. 0. 0.]
  [0. 0. 0. 0. 0. 0.]]]",0,9,2,3,-1,-0.05555555555555555,50,14
155,155,-1,"[[[0. 0. 0. 0. 0. 0.]
  [0. 1. 0. 0. 0. 0.]
  [0. 0. 0. 0. 0. 0.]
  [0. 0. 1. 0. 1. 0.]
  [0. 1. 0. 1. 1. 0.]
  [0. 0. 0. 0. 0. 1.]]

 [[1. 0. 0. 1. 0. 0.]
  [0. 0. 1. 0. 0. 1.]
  [0. 1. 0. 1. 1. 0.]
  [0. 1. 0. 1. 0. 0.]
  [0. 0. 0. 0. 0. 0.]
  [0. 0. 0. 0. 0. 0.]]

 [[1. 1. 1. 1. 1. 1.]
  [1. 1. 1. 1. 1. 1.]
  [1. 1. 1. 1. 1. 1.]
  [1. 1. 1. 1. 1. 1.]
  [1. 1. 1. 1. 1. 1.]
  [1. 1. 1. 1. 1. 1.]]]",0,7,-2,4,1,-0.42857142857142855,36,-17
156,156,1,"[[[0. 1. 0. 0. 0. 0.]
  [0. 0. 0. 0. 0. 0.]
  [0. 0. 0. 0. 0. 0.]
  [0. 0. 1. 0. 1. 0.]
  [0. 1. 0. 1. 1. 0.]
  [0. 0. 0. 0. 0. 1.]]

 [[1. 0. 0. 1. 0. 0.]
  [0. 0. 1. 0. 0. 1.]
  [0. 1. 0. 1. 1. 0.]
  [0. 1. 0. 1. 0. 0.]
  [0. 0. 0. 0. 0. 0.]
  [0. 0. 0. 0. 0. 0.]]

 [[0. 0. 0. 0. 0. 0.]
  [0. 0. 0. 0. 0. 0.]
  [0. 0. 0. 0. 0. 0.]
  [0. 0. 0. 0. 0. 0.]
  [0. 0. 0. 0. 0. 0.]
  [0. 0. 0. 0. 0. 0.]]]",1,9,2,0,-2,0.05555555555555555,53,12
157,157,1,"[[[0. 0. 0. 0. 0. 0.]
  [0. 0. 0. 0. 0. 0.]
  [0. 0. 0. 0. 0. 0.]
  [0. 0. 0. 1. 0. 0.]
  [1. 1. 1. 0. 1. 1.]
  [1. 1. 1. 1. 1. 1.]]

 [[1. 1. 1. 1. 1. 1.]
  [1. 1. 1. 1. 1. 1.]
  [0. 0. 0. 0. 0. 0.]
  [0. 0. 0. 0. 0. 0.]
  [0. 0. 0. 0. 0. 0.]
  [0. 0. 0. 0. 0. 0.]]

 [[0. 0. 0. 0. 0. 0.]
  [0. 0. 0. 0. 0. 0.]
  [0. 0. 0. 0. 0. 0.]
  [0. 0. 0. 0. 0. 0.]
  [0. 0. 0. 0. 0. 0.]
  [0. 0. 0. 0. 0. 0.]]]",0,12,0,1,-1,0.0,66,-3
158,158,-1,"[[[0. 0. 0. 0. 0. 0.]
  [0. 0. 0. 0. 0. 0.]
  [0. 0. 0. 0. 0. 0.]
  [0. 0. 0. 1. 0. 0.]
  [1. 1. 1. 0. 1. 1.]
  [1. 1. 1. 1. 1. 1.]]

 [[1. 1. 1. 1. 1. 1.]
  [1. 1. 1. 0. 1. 1.]
  [0. 0. 0. 1. 0. 0.]
  [0. 0. 0. 0. 0. 0.]
  [0. 0. 0. 0. 0. 0.]
  [0. 0. 0. 0. 0. 0.]]

 [[1. 1. 1. 1. 1. 1.]
  [1. 1. 1. 1. 1. 1.]
  [1. 1. 1. 1. 1. 1.]
  [1. 1. 1. 1. 1. 1.]
  [1. 1. 1. 1. 1. 1.]
  [1. 1. 1. 1. 1. 1.]]]",0,12,0,2,0,-0.4166666666666667,69,0
159,159,1,"[[[0. 0. 0. 0. 0. 0.]
  [0. 0. 0. 0. 0. 0.]
  [0. 0. 0. 0. 0. 0.]
  [0. 0. 1. 1. 0. 0.]
  [1. 0. 1. 0. 1. 1.]
  [1. 1. 1. 1. 1. 1.]]

 [[1. 1. 1. 1. 1. 1.]
  [1. 1. 1. 0. 1. 1.]
  [0. 0. 0. 1. 0. 0.]
  [0. 0. 0. 0. 0. 0.]
  [0. 0. 0. 0. 0. 0.]
  [0. 0. 0. 0. 0. 0.]]

 [[0. 0. 0. 0. 0. 0.]
  [0. 0. 0. 0. 0. 0.]
  [0. 0. 0. 0. 0. 0.]
  [0. 0. 0. 0. 0. 0.]
  [0. 0. 0. 0. 0. 0.]
  [0. 0. 0. 0. 0. 0.]]]",0,12,0,2,0,-0.4166666666666667,69,-3
160,160,-1,"[[[0. 0. 0. 0. 0. 0.]
  [0. 0. 0. 0. 0. 0.]
  [0. 0. 0. 0. 0. 0.]
  [0. 0. 1. 1. 0. 0.]
  [1. 0. 1. 0. 1. 1.]
  [1. 1. 1. 1. 1. 1.]]

 [[1. 1. 1. 1. 1. 1.]
  [0. 1. 1. 0. 1. 1.]
  [1. 0. 0. 1. 0. 0.]
  [0. 0. 0. 0. 0. 0.]
  [0. 0. 0. 0. 0. 0.]
  [0. 0. 0. 0. 0. 0.]]

 [[1. 1. 1. 1. 1. 1.]
  [1. 1. 1. 1. 1. 1.]
  [1. 1. 1. 1. 1. 1.]
  [1. 1. 1. 1. 1. 1.]
  [1. 1. 1. 1. 1. 1.]
  [1. 1. 1. 1. 1. 1.]]]",0,12,0,2,0,-0.3333333333333333,72,1
161,161,1,"[[[0. 0. 0. 0. 0. 0.]
  [0. 0. 0. 0. 0. 0.]
  [0. 0. 1. 0. 0. 0.]
  [0. 0. 1. 0. 0. 0.]
  [1. 0. 1. 0. 1. 1.]
  [1. 1. 1. 1. 1. 1.]]

 [[1. 1. 1. 1. 1. 1.]
  [0. 1. 1. 0. 1. 1.]
  [1. 0. 0. 1. 0. 0.]
  [0. 0. 0. 0. 0. 0.]
  [0. 0. 0. 0. 0. 0.]
  [0. 0. 0. 0. 0. 0.]]

 [[0. 0. 0. 0. 0. 0.]
  [0. 0. 0. 0. 0. 0.]
  [0. 0. 0. 0. 0. 0.]
  [0. 0. 0. 0. 0. 0.]
  [0. 0. 0. 0. 0. 0.]
  [0. 0. 0. 0. 0. 0.]]]",0,12,0,2,-1,-0.3333333333333333,71,-5
162,162,-1,"[[[0. 0. 0. 0. 0. 0.]
  [0. 0. 0. 0. 0. 0.]
  [0. 0. 1. 0. 0. 0.]
  [0. 0. 1. 0. 0. 0.]
  [1. 0. 1. 0. 1. 1.]
  [1. 1. 1. 1. 1. 1.]]

 [[1. 1. 1. 1. 1. 1.]
  [0. 1. 0. 0. 1. 1.]
  [1. 1. 0. 1. 0. 0.]
  [0. 0. 0. 0. 0. 0.]
  [0. 0. 0. 0. 0. 0.]
  [0. 0. 0. 0. 0. 0.]]

 [[1. 1. 1. 1. 1. 1.]
  [1. 1. 1. 1. 1. 1.]
  [1. 1. 1. 1. 1. 1.]
  [1. 1. 1. 1. 1. 1.]
  [1. 1. 1. 1. 1. 1.]
  [1. 1. 1. 1. 1. 1.]]]",0,12,0,3,1,-0.75,76,2
163,163,1,"[[[0. 0. 0. 0. 0. 0.]
  [0. 0. 0. 0. 0. 0.]
  [0. 0. 1. 0. 0. 0.]
  [0. 0. 1. 0. 0. 0.]
  [1. 0. 1. 1. 1. 1.]
  [1. 1. 0. 1. 1. 1.]]

 [[1. 1. 1. 1. 1. 1.]
  [0. 1. 0. 0. 1. 1.]
  [1. 1. 0. 1. 0. 0.]
  [0. 0. 0. 0. 0. 0.]
  [0. 0. 0. 0. 0. 0.]
  [0. 0. 0. 0. 0. 0.]]

 [[0. 0. 0. 0. 0. 0.]
  [0. 0. 0. 0. 0. 0.]
  [0. 0. 0. 0. 0. 0.]
  [0. 0. 0. 0. 0. 0.]
  [0. 0. 0. 0. 0. 0.]
  [0. 0. 0. 0. 0. 0.]]]",0,12,0,2,-1,-0.25,74,0
164,164,-1,"[[[0. 0. 0. 0. 0. 0.]
  [0. 0. 0. 0. 0. 0.]
  [0. 0. 1. 0. 0. 0.]
  [0. 0. 1. 0. 0. 0.]
  [1. 0. 1. 1. 1. 1.]
  [1. 1. 0. 1. 1. 1.]]

 [[1. 1. 0. 1. 1. 1.]
  [0. 1. 1. 0. 1. 1.]
  [1. 1. 0. 1. 0. 0.]
  [0. 0. 0. 0. 0. 0.]
  [0. 0. 0. 0. 0. 0.]
  [0. 0. 0. 0. 0. 0.]]

 [[1. 1. 1. 1. 1. 1.]
  [1. 1. 1. 1. 1. 1.]
  [1. 1. 1. 1. 1. 1.]
  [1. 1. 1. 1. 1. 1.]
  [1. 1. 1. 1. 1. 1.]
  [1. 1. 1. 1. 1. 1.]]]",0,12,0,3,1,-0.6666666666666666,74,2
165,165,1,"[[[0. 0. 0. 0. 0. 0.]
  [0. 0. 0. 1. 0. 0.]
  [0. 0. 0. 0. 0. 0.]
  [0. 0. 1. 0. 0. 0.]
  [1. 0. 1. 1. 1. 1.]
  [1. 1. 0. 1. 1. 1.]]

 [[1. 1. 0. 1. 1. 1.]
  [0. 1. 1. 0. 1. 1.]
  [1. 1. 0. 1. 0. 0.]
  [0. 0. 0. 0. 0. 0.]
  [0. 0. 0. 0. 0. 0.]
  [0. 0. 0. 0. 0. 0.]]

 [[0. 0. 0. 0. 0. 0.]
  [0. 0. 0. 0. 0. 0.]
  [0. 0. 0. 0. 0. 0.]
  [0. 0. 0. 0. 0. 0.]
  [0. 0. 0. 0. 0. 0.]
  [0. 0. 0. 0. 0. 0.]]]",0,12,0,2,-2,-0.16666666666666666,72,-2
166,166,-1,"[[[0. 0. 0. 0. 0. 0.]
  [0. 0. 0. 1. 0. 0.]
  [0. 0. 0. 0. 0. 0.]
  [0. 0. 1. 0. 0. 0.]
  [1. 0. 1. 1. 1. 1.]
  [1. 1. 0. 1. 1. 1.]]

 [[1. 1. 0. 1. 1. 1.]
  [0. 1. 1. 0. 1. 1.]
  [1. 1. 0. 0. 0. 0.]
  [0. 0. 0. 0. 1. 0.]
  [0. 0. 0. 0. 0. 0.]
  [0. 0. 0. 0. 0. 0.]]

 [[1. 1. 1. 1. 1. 1.]
  [1. 1. 1. 1. 1. 1.]
  [1. 1. 1. 1. 1. 1.]
  [1. 1. 1. 1. 1. 1.]
  [1. 1. 1. 1. 1. 1.]
  [1. 1. 1. 1. 1. 1.]]]",0,12,0,4,1,-1.0833333333333333,74,-2
167,167,1,"[[[0. 0. 0. 0. 0. 0.]
  [0. 0. 0. 1. 0. 0.]
  [0. 0. 0. 0. 0. 0.]
  [0. 1. 1. 0. 0. 0.]
  [1. 0. 0. 1. 1. 1.]
  [1. 1. 0. 1. 1. 1.]]

 [[1. 1. 0. 1. 1. 1.]
  [0. 1. 1. 0. 1. 1.]
  [1. 1. 0. 0. 0. 0.]
  [0. 0. 0. 0. 1. 0.]
  [0. 0. 0. 0. 0. 0.]
  [0. 0. 0. 0. 0. 0.]]

 [[0. 0. 0. 0. 0. 0.]
  [0. 0. 0. 0. 0. 0.]
  [0. 0. 0. 0. 0. 0.]
  [0. 0. 0. 0. 0. 0.]
  [0. 0. 0. 0. 0. 0.]
  [0. 0. 0. 0. 0. 0.]]]",0,12,0,3,-1,-0.5833333333333334,76,-1
168,168,-1,"[[[0. 0. 0. 0. 0. 0.]
  [0. 0. 0. 1. 0. 0.]
  [0. 0. 0. 0. 0. 0.]
  [0. 1. 1. 0. 0. 0.]
  [1. 0. 0. 0. 1. 1.]
  [1. 1. 0. 1. 1. 1.]]

 [[1. 1. 0. 1. 1. 1.]
  [0. 1. 1. 0. 1. 1.]
  [1. 1. 0. 0. 0. 0.]
  [0. 0. 0. 0. 0. 0.]
  [0. 0. 0. 1. 0. 0.]
  [0. 0. 0. 0. 0. 0.]]

 [[1. 1. 1. 1. 1. 1.]
  [1. 1. 1. 1. 1. 1.]
  [1. 1. 1. 1. 1. 1.]
  [1. 1. 1. 1. 1. 1.]
  [1. 1. 1. 1. 1. 1.]
  [1. 1. 1. 1. 1. 1.]]]",0,11,-1,4,0,-1.0,74,-2
169,169,1,"[[[0. 0. 0. 0. 0. 0.]
  [0. 0. 0. 1. 0. 0.]
  [1. 0. 0. 0. 0. 0.]
  [0. 0. 1. 0. 0. 0.]
  [1. 0. 0. 0. 1. 1.]
  [1. 1. 0. 1. 1. 1.]]

 [[1. 1. 0. 1. 1. 1.]
  [0. 1. 1. 0. 1. 1.]
  [0. 1. 0. 0. 0. 0.]
  [0. 0. 0. 0. 0. 0.]
  [0. 0. 0. 1. 0. 0.]
  [0. 0. 0. 0. 0. 0.]]

 [[0. 0. 0. 0. 0. 0.]
  [0. 0. 0. 0. 0. 0.]
  [0. 0. 0. 0. 0. 0.]
  [0. 0. 0. 0. 0. 0.]
  [0. 0. 0. 0. 0. 0.]
  [0. 0. 0. 0. 0. 0.]]]",0,11,0,4,0,-1.0909090909090908,72,-3
170,170,-1,"[[[0. 0. 0. 0. 0. 0.]
  [0. 0. 0. 1. 0. 0.]
  [1. 0. 0. 0. 0. 0.]
  [0. 0. 1. 0. 0. 0.]
  [1. 0. 0. 0. 1. 1.]
  [1. 1. 0. 1. 1. 1.]]

 [[1. 1. 0. 1. 1. 1.]
  [0. 1. 1. 0. 0. 1.]
  [0. 1. 0. 0. 1. 0.]
  [0. 0. 0. 0. 0. 0.]
  [0. 0. 0. 1. 0. 0.]
  [0. 0. 0. 0. 0. 0.]]

 [[1. 1. 1. 1. 1. 1.]
  [1. 1. 1. 1. 1. 1.]
  [1. 1. 1. 1. 1. 1.]
  [1. 1. 1. 1. 1. 1.]
  [1. 1. 1. 1. 1. 1.]
  [1. 1. 1. 1. 1. 1.]]]",0,11,0,4,0,-0.9090909090909091,75,0
171,171,1,"[[[0. 0. 0. 0. 0. 0.]
  [0. 0. 0. 1. 0. 0.]
  [1. 0. 0. 0. 0. 0.]
  [0. 1. 1. 0. 0. 0.]
  [0. 0. 0. 0. 1. 1.]
  [1. 1. 0. 1. 1. 1.]]

 [[1. 1. 0. 1. 1. 1.]
  [0. 1. 1. 0. 0. 1.]
  [0. 1. 0. 0. 1. 0.]
  [0. 0. 0. 0. 0. 0.]
  [0. 0. 0. 1. 0. 0.]
  [0. 0. 0. 0. 0. 0.]]

 [[0. 0. 0. 0. 0. 0.]
  [0. 0. 0. 0. 0. 0.]
  [0. 0. 0. 0. 0. 0.]
  [0. 0. 0. 0. 0. 0.]
  [0. 0. 0. 0. 0. 0.]
  [0. 0. 0. 0. 0. 0.]]]",0,11,0,4,0,-1.0,75,-4
172,172,-1,"[[[0. 0. 0. 0. 0. 0.]
  [0. 0. 0. 1. 0. 0.]
  [1. 0. 0. 0. 0. 0.]
  [0. 1. 1. 0. 0. 0.]
  [0. 0. 0. 0. 1. 1.]
  [1. 1. 0. 1. 1. 1.]]

 [[1. 1. 0. 1. 1. 1.]
  [0. 1. 0. 0. 0. 1.]
  [0. 1. 1. 0. 1. 0.]
  [0. 0. 0. 0. 0. 0.]
  [0. 0. 0. 1. 0. 0.]
  [0. 0. 0. 0. 0. 0.]]

 [[1. 1. 1. 1. 1. 1.]
  [1. 1. 1. 1. 1. 1.]
  [1. 1. 1. 1. 1. 1.]
  [1. 1. 1. 1. 1. 1.]
  [1. 1. 1. 1. 1. 1.]
  [1. 1. 1. 1. 1. 1.]]]",0,11,0,4,0,-0.8181818181818182,79,1
173,173,1,"[[[0. 0. 0. 0. 0. 0.]
  [0. 0. 0. 1. 0. 0.]
  [1. 0. 0. 0. 0. 0.]
  [0. 1. 1. 0. 0. 0.]
  [1. 0. 0. 0. 1. 1.]
  [1. 0. 0. 1. 1. 1.]]

 [[1. 1. 0. 1. 1. 1.]
  [0. 1. 0. 0. 0. 1.]
  [0. 1. 1. 0. 1. 0.]
  [0. 0. 0. 0. 0. 0.]
  [0. 0. 0. 1. 0. 0.]
  [0. 0. 0. 0. 0. 0.]]

 [[0. 0. 0. 0. 0. 0.]
  [0. 0. 0. 0. 0. 0.]
  [0. 0. 0. 0. 0. 0.]
  [0. 0. 0. 0. 0. 0.]
  [0. 0. 0. 0. 0. 0.]
  [0. 0. 0. 0. 0. 0.]]]",0,11,0,4,0,-0.9090909090909091,78,12
174,174,-1,"[[[0. 0. 0. 0. 0. 0.]
  [0. 0. 0. 1. 0. 0.]
  [1. 0. 0. 0. 0. 0.]
  [0. 1. 1. 0. 0. 0.]
  [1. 0. 0. 0. 1. 1.]
  [1. 0. 0. 1. 1. 1.]]

 [[1. 1. 0. 1. 1. 1.]
  [0. 1. 0. 0. 0. 1.]
  [0. 1. 1. 0. 0. 0.]
  [0. 0. 0. 1. 0. 0.]
  [0. 0. 0. 1. 0. 0.]
  [0. 0. 0. 0. 0. 0.]]

 [[1. 1. 1. 1. 1. 1.]
  [1. 1. 1. 1. 1. 1.]
  [1. 1. 1. 1. 1. 1.]
  [1. 1. 1. 1. 1. 1.]
  [1. 1. 1. 1. 1. 1.]
  [1. 1. 1. 1. 1. 1.]]]",0,11,0,4,0,-0.7272727272727273,66,-16
175,175,1,"[[[0. 0. 0. 0. 1. 0.]
  [0. 0. 0. 0. 0. 0.]
  [1. 0. 0. 0. 0. 0.]
  [0. 1. 1. 0. 0. 0.]
  [1. 0. 0. 0. 1. 1.]
  [1. 0. 0. 1. 1. 1.]]

 [[1. 1. 0. 1. 0. 1.]
  [0. 1. 0. 0. 0. 1.]
  [0. 1. 1. 0. 0. 0.]
  [0. 0. 0. 1. 0. 0.]
  [0. 0. 0. 1. 0. 0.]
  [0. 0. 0. 0. 0. 0.]]

 [[0. 0. 0. 0. 0. 0.]
  [0. 0. 0. 0. 0. 0.]
  [0. 0. 0. 0. 0. 0.]
  [0. 0. 0. 0. 0. 0.]
  [0. 0. 0. 0. 0. 0.]
  [0. 0. 0. 0. 0. 0.]]]",1,10,-1,0,-1,-0.7,67,-4
176,176,-1,"[[[0. 0. 0. 0. 0. 0.]
  [0. 0. 0. 0. 0. 0.]
  [0. 0. 0. 0. 0. 0.]
  [0. 0. 0. 1. 0. 0.]
  [1. 1. 1. 0. 1. 1.]
  [1. 1. 1. 1. 1. 1.]]

 [[1. 1. 1. 1. 1. 1.]
  [1. 1. 1. 0. 1. 1.]
  [0. 0. 0. 0. 1. 0.]
  [0. 0. 0. 0. 0. 0.]
  [0. 0. 0. 0. 0. 0.]
  [0. 0. 0. 0. 0. 0.]]

 [[1. 1. 1. 1. 1. 1.]
  [1. 1. 1. 1. 1. 1.]
  [1. 1. 1. 1. 1. 1.]
  [1. 1. 1. 1. 1. 1.]
  [1. 1. 1. 1. 1. 1.]
  [1. 1. 1. 1. 1. 1.]]]",0,12,0,2,0,-0.4166666666666667,69,0
177,177,1,"[[[0. 0. 0. 0. 0. 0.]
  [0. 0. 0. 0. 0. 0.]
  [0. 0. 0. 0. 0. 0.]
  [1. 0. 0. 1. 0. 0.]
  [0. 1. 1. 0. 1. 1.]
  [1. 1. 1. 1. 1. 1.]]

 [[1. 1. 1. 1. 1. 1.]
  [1. 1. 1. 0. 1. 1.]
  [0. 0. 0. 0. 1. 0.]
  [0. 0. 0. 0. 0. 0.]
  [0. 0. 0. 0. 0. 0.]
  [0. 0. 0. 0. 0. 0.]]

 [[0. 0. 0. 0. 0. 0.]
  [0. 0. 0. 0. 0. 0.]
  [0. 0. 0. 0. 0. 0.]
  [0. 0. 0. 0. 0. 0.]
  [0. 0. 0. 0. 0. 0.]
  [0. 0. 0. 0. 0. 0.]]]",0,12,0,2,0,-0.4166666666666667,69,-2
178,178,-1,"[[[0. 0. 0. 0. 0. 0.]
  [0. 0. 0. 0. 0. 0.]
  [0. 0. 0. 0. 0. 0.]
  [1. 0. 0. 1. 0. 0.]
  [0. 1. 1. 0. 1. 1.]
  [1. 1. 1. 1. 1. 1.]]

 [[1. 1. 1. 1. 1. 1.]
  [1. 1. 0. 0. 1. 1.]
  [0. 1. 0. 0. 1. 0.]
  [0. 0. 0. 0. 0. 0.]
  [0. 0. 0. 0. 0. 0.]
  [0. 0. 0. 0. 0. 0.]]

 [[1. 1. 1. 1. 1. 1.]
  [1. 1. 1. 1. 1. 1.]
  [1. 1. 1. 1. 1. 1.]
  [1. 1. 1. 1. 1. 1.]
  [1. 1. 1. 1. 1. 1.]
  [1. 1. 1. 1. 1. 1.]]]",0,12,0,2,0,-0.3333333333333333,71,-1
179,179,1,"[[[0. 0. 0. 0. 0. 0.]
  [0. 0. 0. 0. 0. 0.]
  [0. 0. 0. 0. 0. 0.]
  [1. 1. 0. 1. 0. 0.]
  [0. 1. 0. 0. 1. 1.]
  [1. 1. 1. 1. 1. 1.]]

 [[1. 1. 1. 1. 1. 1.]
  [1. 1. 0. 0. 1. 1.]
  [0. 1. 0. 0. 1. 0.]
  [0. 0. 0. 0. 0. 0.]
  [0. 0. 0. 0. 0. 0.]
  [0. 0. 0. 0. 0. 0.]]

 [[0. 0. 0. 0. 0. 0.]
  [0. 0. 0. 0. 0. 0.]
  [0. 0. 0. 0. 0. 0.]
  [0. 0. 0. 0. 0. 0.]
  [0. 0. 0. 0. 0. 0.]
  [0. 0. 0. 0. 0. 0.]]]",0,12,0,2,0,-0.3333333333333333,72,-2
180,180,-1,"[[[0. 0. 0. 0. 0. 0.]
  [0. 0. 0. 0. 0. 0.]
  [0. 0. 0. 0. 0. 0.]
  [1. 1. 0. 1. 0. 0.]
  [0. 1. 0. 0. 1. 1.]
  [1. 1. 1. 1. 1. 1.]]

 [[1. 1. 1. 0. 1. 1.]
  [1. 1. 0. 1. 1. 1.]
  [0. 1. 0. 0. 1. 0.]
  [0. 0. 0. 0. 0. 0.]
  [0. 0. 0. 0. 0. 0.]
  [0. 0. 0. 0. 0. 0.]]

 [[1. 1. 1. 1. 1. 1.]
  [1. 1. 1. 1. 1. 1.]
  [1. 1. 1. 1. 1. 1.]
  [1. 1. 1. 1. 1. 1.]
  [1. 1. 1. 1. 1. 1.]
  [1. 1. 1. 1. 1. 1.]]]",0,12,0,2,0,-0.25,74,4
181,181,1,"[[[0. 0. 0. 0. 0. 0.]
  [0. 0. 0. 0. 0. 0.]
  [0. 0. 0. 0. 0. 0.]
  [1. 1. 0. 1. 0. 0.]
  [0. 1. 1. 0. 1. 1.]
  [1. 1. 0. 1. 1. 1.]]

 [[1. 1. 1. 0. 1. 1.]
  [1. 1. 0. 1. 1. 1.]
  [0. 1. 0. 0. 1. 0.]
  [0. 0. 0. 0. 0. 0.]
  [0. 0. 0. 0. 0. 0.]
  [0. 0. 0. 0. 0. 0.]]

 [[0. 0. 0. 0. 0. 0.]
  [0. 0. 0. 0. 0. 0.]
  [0. 0. 0. 0. 0. 0.]
  [0. 0. 0. 0. 0. 0.]
  [0. 0. 0. 0. 0. 0.]
  [0. 0. 0. 0. 0. 0.]]]",0,12,0,2,0,-0.25,70,-2
182,182,-1,"[[[0. 0. 0. 0. 0. 0.]
  [0. 0. 0. 0. 0. 0.]
  [0. 0. 0. 0. 0. 0.]
  [1. 1. 0. 1. 0. 0.]
  [0. 1. 1. 0. 1. 1.]
  [1. 1. 0. 1. 1. 1.]]

 [[1. 0. 1. 0. 1. 1.]
  [1. 1. 1. 1. 1. 1.]
  [0. 1. 0. 0. 1. 0.]
  [0. 0. 0. 0. 0. 0.]
  [0. 0. 0. 0. 0. 0.]
  [0. 0. 0. 0. 0. 0.]]

 [[1. 1. 1. 1. 1. 1.]
  [1. 1. 1. 1. 1. 1.]
  [1. 1. 1. 1. 1. 1.]
  [1. 1. 1. 1. 1. 1.]
  [1. 1. 1. 1. 1. 1.]
  [1. 1. 1. 1. 1. 1.]]]",0,12,0,2,0,-0.16666666666666666,72,14
183,183,1,"[[[0. 0. 0. 0. 0. 0.]
  [0. 0. 0. 0. 0. 0.]
  [0. 0. 0. 0. 0. 0.]
  [1. 1. 0. 1. 0. 0.]
  [1. 1. 1. 0. 1. 1.]
  [1. 0. 0. 1. 1. 1.]]

 [[1. 0. 1. 0. 1. 1.]
  [1. 1. 1. 1. 1. 1.]
  [0. 1. 0. 0. 1. 0.]
  [0. 0. 0. 0. 0. 0.]
  [0. 0. 0. 0. 0. 0.]
  [0. 0. 0. 0. 0. 0.]]

 [[0. 0. 0. 0. 0. 0.]
  [0. 0. 0. 0. 0. 0.]
  [0. 0. 0. 0. 0. 0.]
  [0. 0. 0. 0. 0. 0.]
  [0. 0. 0. 0. 0. 0.]
  [0. 0. 0. 0. 0. 0.]]]",0,12,0,2,0,-0.16666666666666666,58,-1
184,184,-1,"[[[0. 0. 0. 0. 0. 0.]
  [0. 0. 0. 0. 0. 0.]
  [0. 0. 0. 0. 0. 0.]
  [1. 1. 0. 1. 0. 0.]
  [1. 1. 1. 0. 1. 1.]
  [1. 0. 0. 1. 1. 1.]]

 [[1. 0. 1. 0. 1. 1.]
  [0. 1. 1. 1. 1. 1.]
  [1. 1. 0. 0. 1. 0.]
  [0. 0. 0. 0. 0. 0.]
  [0. 0. 0. 0. 0. 0.]
  [0. 0. 0. 0. 0. 0.]]

 [[1. 1. 1. 1. 1. 1.]
  [1. 1. 1. 1. 1. 1.]
  [1. 1. 1. 1. 1. 1.]
  [1. 1. 1. 1. 1. 1.]
  [1. 1. 1. 1. 1. 1.]
  [1. 1. 1. 1. 1. 1.]]]",0,12,0,2,0,-0.08333333333333333,59,-1
185,185,1,"[[[0. 0. 0. 0. 0. 0.]
  [0. 0. 0. 0. 0. 0.]
  [0. 0. 0. 0. 0. 0.]
  [1. 1. 0. 1. 0. 1.]
  [1. 1. 1. 0. 1. 0.]
  [1. 0. 0. 1. 1. 1.]]

 [[1. 0. 1. 0. 1. 1.]
  [0. 1. 1. 1. 1. 1.]
  [1. 1. 0. 0. 1. 0.]
  [0. 0. 0. 0. 0. 0.]
  [0. 0. 0. 0. 0. 0.]
  [0. 0. 0. 0. 0. 0.]]

 [[0. 0. 0. 0. 0. 0.]
  [0. 0. 0. 0. 0. 0.]
  [0. 0. 0. 0. 0. 0.]
  [0. 0. 0. 0. 0. 0.]
  [0. 0. 0. 0. 0. 0.]
  [0. 0. 0. 0. 0. 0.]]]",0,12,0,2,0,-0.08333333333333333,60,-1
186,186,-1,"[[[0. 0. 0. 0. 0. 0.]
  [0. 0. 0. 0. 0. 0.]
  [0. 0. 0. 0. 0. 0.]
  [1. 1. 0. 0. 0. 1.]
  [1. 1. 1. 0. 1. 0.]
  [1. 0. 0. 1. 1. 1.]]

 [[1. 0. 1. 0. 1. 1.]
  [0. 1. 1. 1. 1. 1.]
  [1. 1. 0. 0. 0. 0.]
  [0. 0. 0. 1. 0. 0.]
  [0. 0. 0. 0. 0. 0.]
  [0. 0. 0. 0. 0. 0.]]

 [[1. 1. 1. 1. 1. 1.]
  [1. 1. 1. 1. 1. 1.]
  [1. 1. 1. 1. 1. 1.]
  [1. 1. 1. 1. 1. 1.]
  [1. 1. 1. 1. 1. 1.]
  [1. 1. 1. 1. 1. 1.]]]",0,11,-1,2,-1,-0.09090909090909091,55,-9
187,187,1,"[[[0. 0. 0. 0. 0. 0.]
  [0. 0. 0. 0. 0. 0.]
  [0. 0. 0. 0. 0. 0.]
  [1. 1. 0. 1. 0. 1.]
  [1. 1. 0. 0. 1. 0.]
  [1. 0. 0. 1. 1. 1.]]

 [[1. 0. 1. 0. 1. 1.]
  [0. 1. 1. 1. 1. 1.]
  [1. 1. 0. 0. 0. 0.]
  [0. 0. 0. 0. 0. 0.]
  [0. 0. 0. 0. 0. 0.]
  [0. 0. 0. 0. 0. 0.]]

 [[0. 0. 0. 0. 0. 0.]
  [0. 0. 0. 0. 0. 0.]
  [0. 0. 0. 0. 0. 0.]
  [0. 0. 0. 0. 0. 0.]
  [0. 0. 0. 0. 0. 0.]
  [0. 0. 0. 0. 0. 0.]]]",0,11,0,2,0,-0.18181818181818182,54,-4
188,188,-1,"[[[0. 0. 0. 0. 0. 0.]
  [0. 0. 0. 0. 0. 0.]
  [0. 0. 0. 0. 0. 0.]
  [1. 1. 0. 1. 0. 1.]
  [1. 1. 0. 0. 1. 0.]
  [1. 0. 0. 1. 1. 1.]]

 [[1. 0. 1. 0. 1. 1.]
  [0. 1. 0. 1. 1. 1.]
  [1. 1. 1. 0. 0. 0.]
  [0. 0. 0. 0. 0. 0.]
  [0. 0. 0. 0. 0. 0.]
  [0. 0. 0. 0. 0. 0.]]

 [[1. 1. 1. 1. 1. 1.]
  [1. 1. 1. 1. 1. 1.]
  [1. 1. 1. 1. 1. 1.]
  [1. 1. 1. 1. 1. 1.]
  [1. 1. 1. 1. 1. 1.]
  [1. 1. 1. 1. 1. 1.]]]",0,11,0,2,0,0.0,58,1
189,189,1,"[[[0. 0. 0. 0. 0. 0.]
  [0. 0. 0. 0. 0. 0.]
  [0. 1. 0. 0. 0. 0.]
  [0. 1. 0. 1. 0. 1.]
  [1. 1. 0. 0. 1. 0.]
  [1. 0. 0. 1. 1. 1.]]

 [[1. 0. 1. 0. 1. 1.]
  [0. 1. 0. 1. 1. 1.]
  [1. 0. 1. 0. 0. 0.]
  [0. 0. 0. 0. 0. 0.]
  [0. 0. 0. 0. 0. 0.]
  [0. 0. 0. 0. 0. 0.]]

 [[0. 0. 0. 0. 0. 0.]
  [0. 0. 0. 0. 0. 0.]
  [0. 0. 0. 0. 0. 0.]
  [0. 0. 0. 0. 0. 0.]
  [0. 0. 0. 0. 0. 0.]
  [0. 0. 0. 0. 0. 0.]]]",0,10,-1,2,-1,-0.2,51,-13
190,190,-1,"[[[0. 0. 0. 0. 0. 0.]
  [0. 0. 0. 0. 0. 0.]
  [0. 1. 0. 0. 0. 0.]
  [0. 1. 0. 1. 0. 1.]
  [1. 1. 0. 0. 1. 0.]
  [1. 0. 0. 1. 1. 1.]]

 [[1. 0. 1. 0. 1. 1.]
  [0. 1. 0. 1. 0. 1.]
  [1. 0. 1. 0. 1. 0.]
  [0. 0. 0. 0. 0. 0.]
  [0. 0. 0. 0. 0. 0.]
  [0. 0. 0. 0. 0. 0.]]

 [[1. 1. 1. 1. 1. 1.]
  [1. 1. 1. 1. 1. 1.]
  [1. 1. 1. 1. 1. 1.]
  [1. 1. 1. 1. 1. 1.]
  [1. 1. 1. 1. 1. 1.]
  [1. 1. 1. 1. 1. 1.]]]",0,11,1,3,1,-0.4090909090909091,64,10
191,191,1,"[[[0. 0. 0. 0. 0. 0.]
  [0. 0. 1. 0. 0. 0.]
  [0. 0. 0. 0. 0. 0.]
  [0. 1. 0. 1. 0. 1.]
  [1. 1. 0. 0. 1. 0.]
  [1. 0. 0. 1. 1. 1.]]

 [[1. 0. 1. 0. 1. 1.]
  [0. 1. 0. 1. 0. 1.]
  [1. 0. 1. 0. 1. 0.]
  [0. 0. 0. 0. 0. 0.]
  [0. 0. 0. 0. 0. 0.]
  [0. 0. 0. 0. 0. 0.]]

 [[0. 0. 0. 0. 0. 0.]
  [0. 0. 0. 0. 0. 0.]
  [0. 0. 0. 0. 0. 0.]
  [0. 0. 0. 0. 0. 0.]
  [0. 0. 0. 0. 0. 0.]
  [0. 0. 0. 0. 0. 0.]]]",0,10,-1,2,-2,-0.1,54,-10
192,192,-1,"[[[0. 0. 0. 0. 0. 0.]
  [0. 0. 1. 0. 0. 0.]
  [0. 0. 0. 0. 0. 0.]
  [0. 1. 0. 1. 0. 1.]
  [1. 1. 0. 0. 1. 0.]
  [1. 0. 0. 1. 1. 1.]]

 [[1. 0. 1. 0. 1. 1.]
  [0. 1. 0. 0. 0. 1.]
  [1. 0. 1. 1. 1. 0.]
  [0. 0. 0. 0. 0. 0.]
  [0. 0. 0. 0. 0. 0.]
  [0. 0. 0. 0. 0. 0.]]

 [[1. 1. 1. 1. 1. 1.]
  [1. 1. 1. 1. 1. 1.]
  [1. 1. 1. 1. 1. 1.]
  [1. 1. 1. 1. 1. 1.]
  [1. 1. 1. 1. 1. 1.]
  [1. 1. 1. 1. 1. 1.]]]",0,11,1,4,2,-0.8181818181818182,64,7
193,193,1,"[[[0. 0. 0. 1. 0. 0.]
  [0. 0. 0. 0. 0. 0.]
  [0. 0. 0. 0. 0. 0.]
  [0. 1. 0. 1. 0. 1.]
  [1. 1. 0. 0. 1. 0.]
  [1. 0. 0. 1. 1. 1.]]

 [[1. 0. 1. 0. 1. 1.]
  [0. 1. 0. 0. 0. 1.]
  [1. 0. 1. 1. 1. 0.]
  [0. 0. 0. 0. 0. 0.]
  [0. 0. 0. 0. 0. 0.]
  [0. 0. 0. 0. 0. 0.]]

 [[0. 0. 0. 0. 0. 0.]
  [0. 0. 0. 0. 0. 0.]
  [0. 0. 0. 0. 0. 0.]
  [0. 0. 0. 0. 0. 0.]
  [0. 0. 0. 0. 0. 0.]
  [0. 0. 0. 0. 0. 0.]]]",1,10,-1,0,-3,0.0,57,-12
194,194,1,"[[[0. 0. 0. 0. 0. 0.]
  [0. 0. 0. 0. 0. 0.]
  [0. 0. 0. 0. 0. 0.]
  [0. 0. 0. 0. 1. 0.]
  [1. 1. 1. 1. 1. 0.]
  [1. 1. 1. 1. 1. 1.]]

 [[1. 1. 1. 1. 1. 1.]
  [1. 1. 1. 1. 1. 1.]
  [0. 0. 0. 0. 0. 0.]
  [0. 0. 0. 0. 0. 0.]
  [0. 0. 0. 0. 0. 0.]
  [0. 0. 0. 0. 0. 0.]]

 [[0. 0. 0. 0. 0. 0.]
  [0. 0. 0. 0. 0. 0.]
  [0. 0. 0. 0. 0. 0.]
  [0. 0. 0. 0. 0. 0.]
  [0. 0. 0. 0. 0. 0.]
  [0. 0. 0. 0. 0. 0.]]]",0,12,0,1,-1,0.0,66,-4
195,195,-1,"[[[0. 0. 0. 0. 0. 0.]
  [0. 0. 0. 0. 0. 0.]
  [0. 0. 0. 0. 0. 0.]
  [0. 0. 0. 0. 1. 0.]
  [1. 1. 1. 1. 1. 0.]
  [1. 1. 1. 1. 1. 1.]]

 [[1. 1. 1. 1. 1. 1.]
  [1. 1. 1. 1. 0. 1.]
  [0. 0. 0. 0. 1. 0.]
  [0. 0. 0. 0. 0. 0.]
  [0. 0. 0. 0. 0. 0.]
  [0. 0. 0. 0. 0. 0.]]

 [[1. 1. 1. 1. 1. 1.]
  [1. 1. 1. 1. 1. 1.]
  [1. 1. 1. 1. 1. 1.]
  [1. 1. 1. 1. 1. 1.]
  [1. 1. 1. 1. 1. 1.]
  [1. 1. 1. 1. 1. 1.]]]",0,12,0,2,0,-0.4166666666666667,70,1
196,196,1,"[[[0. 0. 0. 0. 0. 0.]
  [0. 0. 0. 0. 0. 0.]
  [0. 0. 0. 0. 0. 0.]
  [0. 0. 0. 0. 1. 0.]
  [1. 1. 1. 1. 1. 1.]
  [1. 1. 1. 1. 1. 0.]]

 [[1. 1. 1. 1. 1. 1.]
  [1. 1. 1. 1. 0. 1.]
  [0. 0. 0. 0. 1. 0.]
  [0. 0. 0. 0. 0. 0.]
  [0. 0. 0. 0. 0. 0.]
  [0. 0. 0. 0. 0. 0.]]

 [[0. 0. 0. 0. 0. 0.]
  [0. 0. 0. 0. 0. 0.]
  [0. 0. 0. 0. 0. 0.]
  [0. 0. 0. 0. 0. 0.]
  [0. 0. 0. 0. 0. 0.]
  [0. 0. 0. 0. 0. 0.]]]",0,12,0,2,0,-0.4166666666666667,69,2
197,197,-1,"[[[0. 0. 0. 0. 0. 0.]
  [0. 0. 0. 0. 0. 0.]
  [0. 0. 0. 0. 0. 0.]
  [0. 0. 0. 0. 1. 0.]
  [1. 1. 1. 1. 1. 1.]
  [1. 1. 1. 1. 1. 0.]]

 [[1. 1. 1. 1. 1. 1.]
  [1. 0. 1. 1. 0. 1.]
  [1. 0. 0. 0. 1. 0.]
  [0. 0. 0. 0. 0. 0.]
  [0. 0. 0. 0. 0. 0.]
  [0. 0. 0. 0. 0. 0.]]

 [[1. 1. 1. 1. 1. 1.]
  [1. 1. 1. 1. 1. 1.]
  [1. 1. 1. 1. 1. 1.]
  [1. 1. 1. 1. 1. 1.]
  [1. 1. 1. 1. 1. 1.]
  [1. 1. 1. 1. 1. 1.]]]",0,12,0,2,0,-0.3333333333333333,67,-3
198,198,1,"[[[0. 0. 0. 0. 0. 0.]
  [0. 0. 0. 0. 0. 0.]
  [0. 0. 0. 0. 0. 0.]
  [0. 0. 1. 0. 1. 0.]
  [1. 1. 1. 0. 1. 1.]
  [1. 1. 1. 1. 1. 0.]]

 [[1. 1. 1. 1. 1. 1.]
  [1. 0. 1. 1. 0. 1.]
  [1. 0. 0. 0. 1. 0.]
  [0. 0. 0. 0. 0. 0.]
  [0. 0. 0. 0. 0. 0.]
  [0. 0. 0. 0. 0. 0.]]

 [[0. 0. 0. 0. 0. 0.]
  [0. 0. 0. 0. 0. 0.]
  [0. 0. 0. 0. 0. 0.]
  [0. 0. 0. 0. 0. 0.]
  [0. 0. 0. 0. 0. 0.]
  [0. 0. 0. 0. 0. 0.]]]",0,12,0,2,0,-0.3333333333333333,70,0
199,199,-1,"[[[0. 0. 0. 0. 0. 0.]
  [0. 0. 0. 0. 0. 0.]
  [0. 0. 0. 0. 0. 0.]
  [0. 0. 1. 0. 1. 0.]
  [1. 1. 1. 0. 1. 1.]
  [1. 1. 1. 1. 1. 0.]]

 [[1. 1. 1. 1. 1. 1.]
  [1. 0. 1. 0. 0. 1.]
  [1. 0. 0. 1. 1. 0.]
  [0. 0. 0. 0. 0. 0.]
  [0. 0. 0. 0. 0. 0.]
  [0. 0. 0. 0. 0. 0.]]

 [[1. 1. 1. 1. 1. 1.]
  [1. 1. 1. 1. 1. 1.]
  [1. 1. 1. 1. 1. 1.]
  [1. 1. 1. 1. 1. 1.]
  [1. 1. 1. 1. 1. 1.]
  [1. 1. 1. 1. 1. 1.]]]",0,12,0,2,0,-0.25,70,-3
200,200,1,"[[[0. 0. 0. 0. 0. 0.]
  [0. 0. 0. 0. 0. 0.]
  [0. 0. 0. 0. 0. 0.]
  [0. 0. 1. 0. 1. 0.]
  [1. 1. 1. 1. 1. 1.]
  [1. 1. 1. 0. 1. 0.]]

 [[1. 1. 1. 1. 1. 1.]
  [1. 0. 1. 0. 0. 1.]
  [1. 0. 0. 1. 1. 0.]
  [0. 0. 0. 0. 0. 0.]
  [0. 0. 0. 0. 0. 0.]
  [0. 0. 0. 0. 0. 0.]]

 [[0. 0. 0. 0. 0. 0.]
  [0. 0. 0. 0. 0. 0.]
  [0. 0. 0. 0. 0. 0.]
  [0. 0. 0. 0. 0. 0.]
  [0. 0. 0. 0. 0. 0.]
  [0. 0. 0. 0. 0. 0.]]]",0,12,0,2,0,-0.25,73,5
201,201,-1,"[[[0. 0. 0. 0. 0. 0.]
  [0. 0. 0. 0. 0. 0.]
  [0. 0. 0. 0. 0. 0.]
  [0. 0. 1. 0. 1. 0.]
  [1. 1. 1. 1. 1. 1.]
  [1. 1. 1. 0. 1. 0.]]

 [[1. 0. 1. 1. 1. 1.]
  [1. 1. 1. 0. 0. 1.]
  [1. 0. 0. 1. 1. 0.]
  [0. 0. 0. 0. 0. 0.]
  [0. 0. 0. 0. 0. 0.]
  [0. 0. 0. 0. 0. 0.]]

 [[1. 1. 1. 1. 1. 1.]
  [1. 1. 1. 1. 1. 1.]
  [1. 1. 1. 1. 1. 1.]
  [1. 1. 1. 1. 1. 1.]
  [1. 1. 1. 1. 1. 1.]
  [1. 1. 1. 1. 1. 1.]]]",0,12,0,2,0,-0.16666666666666666,68,7
202,202,1,"[[[0. 0. 0. 0. 0. 0.]
  [0. 0. 0. 0. 0. 0.]
  [0. 0. 0. 1. 0. 0.]
  [0. 0. 1. 0. 0. 0.]
  [1. 1. 1. 1. 1. 1.]
  [1. 1. 1. 0. 1. 0.]]

 [[1. 0. 1. 1. 1. 1.]
  [1. 1. 1. 0. 0. 1.]
  [1. 0. 0. 0. 1. 0.]
  [0. 0. 0. 0. 0. 0.]
  [0. 0. 0. 0. 0. 0.]
  [0. 0. 0. 0. 0. 0.]]

 [[0. 0. 0. 0. 0. 0.]
  [0. 0. 0. 0. 0. 0.]
  [0. 0. 0. 0. 0. 0.]
  [0. 0. 0. 0. 0. 0.]
  [0. 0. 0. 0. 0. 0.]
  [0. 0. 0. 0. 0. 0.]]]",0,11,-1,2,-1,-0.2727272727272727,55,-17
203,203,-1,"[[[0. 0. 0. 0. 0. 0.]
  [0. 0. 0. 0. 0. 0.]
  [0. 0. 0. 1. 0. 0.]
  [0. 0. 1. 0. 0. 0.]
  [1. 1. 1. 1. 1. 1.]
  [1. 1. 1. 0. 1. 0.]]

 [[1. 0. 1. 1. 1. 1.]
  [1. 1. 1. 0. 0. 1.]
  [0. 0. 0. 0. 1. 0.]
  [1. 0. 0. 0. 0. 0.]
  [0. 0. 0. 0. 0. 0.]
  [0. 0. 0. 0. 0. 0.]]

 [[1. 1. 1. 1. 1. 1.]
  [1. 1. 1. 1. 1. 1.]
  [1. 1. 1. 1. 1. 1.]
  [1. 1. 1. 1. 1. 1.]
  [1. 1. 1. 1. 1. 1.]
  [1. 1. 1. 1. 1. 1.]]]",0,12,1,3,0,-0.5833333333333334,72,14
204,204,1,"[[[0. 0. 0. 0. 0. 0.]
  [0. 0. 0. 0. 0. 0.]
  [0. 0. 1. 1. 0. 0.]
  [0. 0. 0. 0. 0. 0.]
  [1. 1. 1. 1. 1. 1.]
  [1. 1. 1. 0. 1. 0.]]

 [[1. 0. 1. 1. 1. 1.]
  [1. 1. 1. 0. 0. 1.]
  [0. 0. 0. 0. 1. 0.]
  [1. 0. 0. 0. 0. 0.]
  [0. 0. 0. 0. 0. 0.]
  [0. 0. 0. 0. 0. 0.]]

 [[0. 0. 0. 0. 0. 0.]
  [0. 0. 0. 0. 0. 0.]
  [0. 0. 0. 0. 0. 0.]
  [0. 0. 0. 0. 0. 0.]
  [0. 0. 0. 0. 0. 0.]
  [0. 0. 0. 0. 0. 0.]]]",0,11,-1,3,0,-0.6818181818181818,58,-18
205,205,-1,"[[[0. 0. 0. 0. 0. 0.]
  [0. 0. 0. 0. 0. 0.]
  [0. 0. 1. 1. 0. 0.]
  [0. 0. 0. 0. 0. 0.]
  [1. 1. 1. 1. 1. 1.]
  [1. 1. 1. 0. 1. 0.]]

 [[1. 0. 1. 1. 1. 1.]
  [1. 1. 1. 0. 0. 1.]
  [0. 0. 0. 0. 0. 0.]
  [1. 0. 0. 1. 0. 0.]
  [0. 0. 0. 0. 0. 0.]
  [0. 0. 0. 0. 0. 0.]]

 [[1. 1. 1. 1. 1. 1.]
  [1. 1. 1. 1. 1. 1.]
  [1. 1. 1. 1. 1. 1.]
  [1. 1. 1. 1. 1. 1.]
  [1. 1. 1. 1. 1. 1.]
  [1. 1. 1. 1. 1. 1.]]]",0,12,1,3,0,-0.5,76,14
206,206,1,"[[[0. 0. 0. 0. 0. 0.]
  [0. 0. 0. 0. 0. 0.]
  [0. 0. 1. 1. 0. 0.]
  [0. 0. 0. 1. 0. 0.]
  [1. 1. 1. 1. 0. 1.]
  [1. 1. 1. 0. 1. 0.]]

 [[1. 0. 1. 1. 1. 1.]
  [1. 1. 1. 0. 0. 1.]
  [0. 0. 0. 0. 0. 0.]
  [1. 0. 0. 0. 0. 0.]
  [0. 0. 0. 0. 0. 0.]
  [0. 0. 0. 0. 0. 0.]]

 [[0. 0. 0. 0. 0. 0.]
  [0. 0. 0. 0. 0. 0.]
  [0. 0. 0. 0. 0. 0.]
  [0. 0. 0. 0. 0. 0.]
  [0. 0. 0. 0. 0. 0.]
  [0. 0. 0. 0. 0. 0.]]]",0,10,-2,3,0,-0.8,52,-27
207,207,-1,"[[[0. 0. 0. 0. 0. 0.]
  [0. 0. 0. 0. 0. 0.]
  [0. 0. 1. 1. 0. 0.]
  [0. 0. 0. 1. 0. 0.]
  [1. 1. 1. 1. 0. 1.]
  [1. 1. 1. 0. 1. 0.]]

 [[1. 0. 1. 1. 1. 1.]
  [1. 1. 0. 0. 0. 1.]
  [0. 1. 0. 0. 0. 0.]
  [1. 0. 0. 0. 0. 0.]
  [0. 0. 0. 0. 0. 0.]
  [0. 0. 0. 0. 0. 0.]]

 [[1. 1. 1. 1. 1. 1.]
  [1. 1. 1. 1. 1. 1.]
  [1. 1. 1. 1. 1. 1.]
  [1. 1. 1. 1. 1. 1.]
  [1. 1. 1. 1. 1. 1.]
  [1. 1. 1. 1. 1. 1.]]]",0,12,2,3,0,-0.4166666666666667,79,24
208,208,1,"[[[0. 0. 0. 0. 0. 0.]
  [0. 0. 0. 0. 0. 0.]
  [0. 0. 1. 1. 0. 0.]
  [0. 0. 1. 1. 0. 0.]
  [1. 0. 1. 1. 0. 1.]
  [1. 1. 1. 0. 1. 0.]]

 [[1. 0. 1. 1. 1. 1.]
  [1. 1. 0. 0. 0. 1.]
  [0. 1. 0. 0. 0. 0.]
  [1. 0. 0. 0. 0. 0.]
  [0. 0. 0. 0. 0. 0.]
  [0. 0. 0. 0. 0. 0.]]

 [[0. 0. 0. 0. 0. 0.]
  [0. 0. 0. 0. 0. 0.]
  [0. 0. 0. 0. 0. 0.]
  [0. 0. 0. 0. 0. 0.]
  [0. 0. 0. 0. 0. 0.]
  [0. 0. 0. 0. 0. 0.]]]",0,10,-2,3,0,-0.7,55,-27
209,209,-1,"[[[0. 0. 0. 0. 0. 0.]
  [0. 0. 0. 0. 0. 0.]
  [0. 0. 1. 1. 0. 0.]
  [0. 0. 1. 1. 0. 0.]
  [1. 0. 1. 1. 0. 1.]
  [1. 1. 1. 0. 1. 0.]]

 [[1. 0. 1. 1. 1. 1.]
  [0. 1. 0. 0. 0. 1.]
  [1. 1. 0. 0. 0. 0.]
  [1. 0. 0. 0. 0. 0.]
  [0. 0. 0. 0. 0. 0.]
  [0. 0. 0. 0. 0. 0.]]

 [[1. 1. 1. 1. 1. 1.]
  [1. 1. 1. 1. 1. 1.]
  [1. 1. 1. 1. 1. 1.]
  [1. 1. 1. 1. 1. 1.]
  [1. 1. 1. 1. 1. 1.]
  [1. 1. 1. 1. 1. 1.]]]",0,12,2,3,0,-0.3333333333333333,82,25
210,210,1,"[[[0. 0. 0. 0. 0. 0.]
  [0. 0. 1. 0. 0. 0.]
  [0. 0. 0. 1. 0. 0.]
  [0. 0. 1. 1. 0. 0.]
  [1. 0. 1. 1. 0. 1.]
  [1. 1. 1. 0. 1. 0.]]

 [[1. 0. 1. 1. 1. 1.]
  [0. 1. 0. 0. 0. 1.]
  [1. 1. 0. 0. 0. 0.]
  [1. 0. 0. 0. 0. 0.]
  [0. 0. 0. 0. 0. 0.]
  [0. 0. 0. 0. 0. 0.]]

 [[0. 0. 0. 0. 0. 0.]
  [0. 0. 0. 0. 0. 0.]
  [0. 0. 0. 0. 0. 0.]
  [0. 0. 0. 0. 0. 0.]
  [0. 0. 0. 0. 0. 0.]
  [0. 0. 0. 0. 0. 0.]]]",0,10,-2,3,-1,-0.6,57,-25
211,211,-1,"[[[0. 0. 0. 0. 0. 0.]
  [0. 0. 1. 0. 0. 0.]
  [0. 0. 0. 1. 0. 0.]
  [0. 0. 1. 1. 0. 0.]
  [1. 0. 1. 1. 0. 1.]
  [1. 1. 1. 0. 1. 0.]]

 [[0. 0. 1. 1. 1. 1.]
  [1. 1. 0. 0. 0. 1.]
  [1. 1. 0. 0. 0. 0.]
  [1. 0. 0. 0. 0. 0.]
  [0. 0. 0. 0. 0. 0.]
  [0. 0. 0. 0. 0. 0.]]

 [[1. 1. 1. 1. 1. 1.]
  [1. 1. 1. 1. 1. 1.]
  [1. 1. 1. 1. 1. 1.]
  [1. 1. 1. 1. 1. 1.]
  [1. 1. 1. 1. 1. 1.]
  [1. 1. 1. 1. 1. 1.]]]",0,12,2,4,1,-0.75,82,28
212,212,1,"[[[0. 0. 0. 0. 0. 0.]
  [0. 0. 1. 0. 0. 0.]
  [0. 0. 0. 1. 0. 0.]
  [0. 0. 1. 1. 0. 0.]
  [1. 1. 1. 1. 0. 1.]
  [0. 1. 1. 0. 1. 0.]]

 [[0. 0. 1. 1. 1. 1.]
  [1. 1. 0. 0. 0. 1.]
  [1. 1. 0. 0. 0. 0.]
  [1. 0. 0. 0. 0. 0.]
  [0. 0. 0. 0. 0. 0.]
  [0. 0. 0. 0. 0. 0.]]

 [[0. 0. 0. 0. 0. 0.]
  [0. 0. 0. 0. 0. 0.]
  [0. 0. 0. 0. 0. 0.]
  [0. 0. 0. 0. 0. 0.]
  [0. 0. 0. 0. 0. 0.]
  [0. 0. 0. 0. 0. 0.]]]",0,10,-2,3,-1,-0.5,54,-26
213,213,-1,"[[[0. 0. 0. 0. 0. 0.]
  [0. 0. 0. 0. 0. 0.]
  [0. 0. 0. 1. 0. 0.]
  [0. 0. 1. 1. 0. 0.]
  [1. 1. 1. 1. 0. 1.]
  [0. 1. 1. 0. 1. 0.]]

 [[0. 0. 1. 0. 1. 1.]
  [1. 1. 1. 0. 0. 1.]
  [1. 1. 0. 0. 0. 0.]
  [1. 0. 0. 0. 0. 0.]
  [0. 0. 0. 0. 0. 0.]
  [0. 0. 0. 0. 0. 0.]]

 [[1. 1. 1. 1. 1. 1.]
  [1. 1. 1. 1. 1. 1.]
  [1. 1. 1. 1. 1. 1.]
  [1. 1. 1. 1. 1. 1.]
  [1. 1. 1. 1. 1. 1.]
  [1. 1. 1. 1. 1. 1.]]]",0,11,1,3,0,-0.4090909090909091,70,18
214,214,1,"[[[0. 0. 0. 0. 0. 0.]
  [0. 0. 1. 0. 0. 0.]
  [0. 0. 0. 0. 0. 0.]
  [0. 0. 1. 1. 0. 0.]
  [1. 1. 1. 1. 0. 1.]
  [0. 1. 1. 0. 1. 0.]]

 [[0. 0. 1. 0. 1. 1.]
  [1. 1. 0. 0. 0. 1.]
  [1. 1. 0. 0. 0. 0.]
  [1. 0. 0. 0. 0. 0.]
  [0. 0. 0. 0. 0. 0.]
  [0. 0. 0. 0. 0. 0.]]

 [[0. 0. 0. 0. 0. 0.]
  [0. 0. 0. 0. 0. 0.]
  [0. 0. 0. 0. 0. 0.]
  [0. 0. 0. 0. 0. 0.]
  [0. 0. 0. 0. 0. 0.]
  [0. 0. 0. 0. 0. 0.]]]",0,9,-2,3,-1,-0.3888888888888889,49,-21
215,215,-1,"[[[0. 0. 0. 0. 0. 0.]
  [0. 0. 1. 0. 0. 0.]
  [0. 0. 0. 0. 0. 0.]
  [0. 0. 1. 1. 0. 0.]
  [1. 1. 1. 1. 0. 1.]
  [0. 1. 1. 0. 1. 0.]]

 [[0. 0. 1. 0. 0. 1.]
  [1. 1. 0. 1. 0. 1.]
  [1. 1. 0. 0. 0. 0.]
  [1. 0. 0. 0. 0. 0.]
  [0. 0. 0. 0. 0. 0.]
  [0. 0. 0. 0. 0. 0.]]

 [[1. 1. 1. 1. 1. 1.]
  [1. 1. 1. 1. 1. 1.]
  [1. 1. 1. 1. 1. 1.]
  [1. 1. 1. 1. 1. 1.]
  [1. 1. 1. 1. 1. 1.]
  [1. 1. 1. 1. 1. 1.]]]",0,11,2,4,1,-0.8181818181818182,70,33
216,216,1,"[[[0. 0. 0. 1. 0. 0.]
  [0. 0. 0. 0. 0. 0.]
  [0. 0. 0. 0. 0. 0.]
  [0. 0. 1. 1. 0. 0.]
  [1. 1. 1. 1. 0. 1.]
  [0. 1. 1. 0. 1. 0.]]

 [[0. 0. 1. 0. 0. 1.]
  [1. 1. 0. 1. 0. 1.]
  [1. 1. 0. 0. 0. 0.]
  [1. 0. 0. 0. 0. 0.]
  [0. 0. 0. 0. 0. 0.]
  [0. 0. 0. 0. 0. 0.]]

 [[0. 0. 0. 0. 0. 0.]
  [0. 0. 0. 0. 0. 0.]
  [0. 0. 0. 0. 0. 0.]
  [0. 0. 0. 0. 0. 0.]
  [0. 0. 0. 0. 0. 0.]
  [0. 0. 0. 0. 0. 0.]]]",1,9,-2,0,-2,-0.2777777777777778,37,-38
